<annotation>
	<folder>bottle images - Google Search</folder>
	<filename>100_000_ Best Water Bottle Photos · 100....jpeg</filename>
	<path>D:\dataset\bottle images - Google Search\100_000_ Best Water Bottle Photos · 100....jpeg</path>
	<source>
		<database>Unknown</database>
	</source>
	<size>
		<width>220</width>
		<height>220</height>
		<depth>3</depth>
	</size>
	<segmented>0</segmented>
	<object>
		<name>bottle</name>
		<pose>Unspecified</pose>
		<truncated>0</truncated>
		<difficult>0</difficult>
		<bndbox>
			<xmin>70</xmin>
			<ymin>57</ymin>
			<xmax>146</xmax>
			<ymax>180</ymax>
		</bndbox>
	</object>
</annotation>
