<annotation>
	<folder>bottle images - Google Search</folder>
	<filename>15 Clever Ways to Use Leftover Red Wine....jpg</filename>
	<path>D:\dataset\bottle images - Google Search\15 Clever Ways to Use Leftover Red Wine....jpg</path>
	<source>
		<database>Unknown</database>
	</source>
	<size>
		<width>220</width>
		<height>220</height>
		<depth>3</depth>
	</size>
	<segmented>0</segmented>
	<object>
		<name>bottle</name>
		<pose>Unspecified</pose>
		<truncated>0</truncated>
		<difficult>0</difficult>
		<bndbox>
			<xmin>93</xmin>
			<ymin>21</ymin>
			<xmax>192</xmax>
			<ymax>210</ymax>
		</bndbox>
	</object>
</annotation>
