<annotation>
	<folder>bottle images - Google Search</folder>
	<filename>1_442_066 Bottle Photos - Free....jpg</filename>
	<path>D:\dataset\bottle images - Google Search\1_442_066 Bottle Photos - Free....jpg</path>
	<source>
		<database>Unknown</database>
	</source>
	<size>
		<width>220</width>
		<height>220</height>
		<depth>3</depth>
	</size>
	<segmented>0</segmented>
	<object>
		<name>bottle</name>
		<pose>Unspecified</pose>
		<truncated>0</truncated>
		<difficult>0</difficult>
		<bndbox>
			<xmin>57</xmin>
			<ymin>11</ymin>
			<xmax>161</xmax>
			<ymax>205</ymax>
		</bndbox>
	</object>
</annotation>
