<annotation>
	<folder>bottle images - Google Search</folder>
	<filename>500_ Water Bottle Pictures [HQ....jpg</filename>
	<path>D:\dataset\bottle images - Google Search\500_ Water Bottle Pictures [HQ....jpg</path>
	<source>
		<database>Unknown</database>
	</source>
	<size>
		<width>220</width>
		<height>220</height>
		<depth>3</depth>
	</size>
	<segmented>0</segmented>
	<object>
		<name>bottle</name>
		<pose>Unspecified</pose>
		<truncated>0</truncated>
		<difficult>0</difficult>
		<bndbox>
			<xmin>68</xmin>
			<ymin>58</ymin>
			<xmax>148</xmax>
			<ymax>208</ymax>
		</bndbox>
	</object>
</annotation>
