<annotation>
	<folder>bottle images - Google Search</folder>
	<filename>Buy Grip N Sip Stainless Steel Bottle....jpg</filename>
	<path>D:\dataset\bottle images - Google Search\Buy Grip N Sip Stainless Steel Bottle....jpg</path>
	<source>
		<database>Unknown</database>
	</source>
	<size>
		<width>220</width>
		<height>220</height>
		<depth>3</depth>
	</size>
	<segmented>0</segmented>
	<object>
		<name>bottle</name>
		<pose>Unspecified</pose>
		<truncated>0</truncated>
		<difficult>0</difficult>
		<bndbox>
			<xmin>81</xmin>
			<ymin>16</ymin>
			<xmax>134</xmax>
			<ymax>202</ymax>
		</bndbox>
	</object>
</annotation>
