<annotation>
	<folder>bottle images - Google Search</folder>
	<filename>Glass 200 ml Milk Bottle_ Rs 12 _unit....jpg</filename>
	<path>D:\dataset\bottle images - Google Search\Glass 200 ml Milk Bottle_ Rs 12 _unit....jpg</path>
	<source>
		<database>Unknown</database>
	</source>
	<size>
		<width>220</width>
		<height>220</height>
		<depth>3</depth>
	</size>
	<segmented>0</segmented>
	<object>
		<name>bottle</name>
		<pose>Unspecified</pose>
		<truncated>0</truncated>
		<difficult>0</difficult>
		<bndbox>
			<xmin>68</xmin>
			<ymin>26</ymin>
			<xmax>151</xmax>
			<ymax>210</ymax>
		</bndbox>
	</object>
</annotation>
