<annotation>
	<folder>bottle images - Google Search</folder>
	<filename>Monk Bottle Online - Glass Bottles....jpg</filename>
	<path>D:\dataset\bottle images - Google Search\Monk Bottle Online - Glass Bottles....jpg</path>
	<source>
		<database>Unknown</database>
	</source>
	<size>
		<width>220</width>
		<height>220</height>
		<depth>3</depth>
	</size>
	<segmented>0</segmented>
	<object>
		<name>bottle</name>
		<pose>Unspecified</pose>
		<truncated>1</truncated>
		<difficult>0</difficult>
		<bndbox>
			<xmin>51</xmin>
			<ymin>1</ymin>
			<xmax>163</xmax>
			<ymax>206</ymax>
		</bndbox>
	</object>
</annotation>
