<annotation>
	<folder>bottle images - Google Search</folder>
	<filename>Pexels Stock Photos.jpeg</filename>
	<path>D:\dataset\bottle images - Google Search\Pexels Stock Photos.jpeg</path>
	<source>
		<database>Unknown</database>
	</source>
	<size>
		<width>220</width>
		<height>220</height>
		<depth>3</depth>
	</size>
	<segmented>0</segmented>
	<object>
		<name>bottle</name>
		<pose>Unspecified</pose>
		<truncated>0</truncated>
		<difficult>0</difficult>
		<bndbox>
			<xmin>94</xmin>
			<ymin>102</ymin>
			<xmax>135</xmax>
			<ymax>195</ymax>
		</bndbox>
	</object>
</annotation>
