<annotation>
	<folder>bottle images - Google Search</folder>
	<filename>Pexpo Stainless Steel Water Bottle Set....jpg</filename>
	<path>D:\dataset\bottle images - Google Search\Pexpo Stainless Steel Water Bottle Set....jpg</path>
	<source>
		<database>Unknown</database>
	</source>
	<size>
		<width>220</width>
		<height>220</height>
		<depth>3</depth>
	</size>
	<segmented>0</segmented>
	<object>
		<name>bottle</name>
		<pose>Unspecified</pose>
		<truncated>1</truncated>
		<difficult>0</difficult>
		<bndbox>
			<xmin>1</xmin>
			<ymin>1</ymin>
			<xmax>96</xmax>
			<ymax>212</ymax>
		</bndbox>
	</object>
</annotation>
