<annotation>
	<folder>bottle images - Google Search</folder>
	<filename>Plastic_ and Stainless Steel Water Bottles.png</filename>
	<path>D:\dataset\bottle images - Google Search\Plastic_ and Stainless Steel Water Bottles.png</path>
	<source>
		<database>Unknown</database>
	</source>
	<size>
		<width>220</width>
		<height>220</height>
		<depth>3</depth>
	</size>
	<segmented>0</segmented>
	<object>
		<name>bottle</name>
		<pose>Unspecified</pose>
		<truncated>0</truncated>
		<difficult>0</difficult>
		<bndbox>
			<xmin>65</xmin>
			<ymin>13</ymin>
			<xmax>138</xmax>
			<ymax>205</ymax>
		</bndbox>
	</object>
</annotation>
