<annotation>
	<folder>bottle images - Google Search</folder>
	<filename>Plastic bottle icon cartoon style....jpg</filename>
	<path>D:\dataset\bottle images - Google Search\Plastic bottle icon cartoon style....jpg</path>
	<source>
		<database>Unknown</database>
	</source>
	<size>
		<width>220</width>
		<height>220</height>
		<depth>3</depth>
	</size>
	<segmented>0</segmented>
	<object>
		<name>bottle</name>
		<pose>Unspecified</pose>
		<truncated>0</truncated>
		<difficult>0</difficult>
		<bndbox>
			<xmin>77</xmin>
			<ymin>9</ymin>
			<xmax>142</xmax>
			<ymax>195</ymax>
		</bndbox>
	</object>
</annotation>
