<annotation>
	<folder>dog images - Google Search</folder>
	<filename>10 Funny Photos Of Dogs From....jpg</filename>
	<path>D:\dataset\dog images - Google Search\10 Funny Photos Of Dogs From....jpg</path>
	<source>
		<database>Unknown</database>
	</source>
	<size>
		<width>220</width>
		<height>220</height>
		<depth>3</depth>
	</size>
	<segmented>0</segmented>
	<object>
		<name>bottle</name>
		<pose>Unspecified</pose>
		<truncated>0</truncated>
		<difficult>0</difficult>
		<bndbox>
			<xmin>66</xmin>
			<ymin>47</ymin>
			<xmax>160</xmax>
			<ymax>135</ymax>
		</bndbox>
	</object>
</annotation>
