<annotation>
	<folder>dog breeds - Bing images</folder>
	<filename>10-banned-dog-breeds-most-people-want.jpg</filename>
	<path>D:\dataset\dog breeds - Bing images\10-banned-dog-breeds-most-people-want.jpg</path>
	<source>
		<database>Unknown</database>
	</source>
	<size>
		<width>220</width>
		<height>220</height>
		<depth>3</depth>
	</size>
	<segmented>0</segmented>
	<object>
		<name>dog</name>
		<pose>Unspecified</pose>
		<truncated>0</truncated>
		<difficult>0</difficult>
		<bndbox>
			<xmin>29</xmin>
			<ymin>5</ymin>
			<xmax>85</xmax>
			<ymax>63</ymax>
		</bndbox>
	</object>
</annotation>
