<annotation>
	<folder>dog breeds - Bing images</folder>
	<filename>10-of-the-rarest-dog-breeds-in-the-world-7.jpg</filename>
	<path>D:\dataset\dog breeds - Bing images\10-of-the-rarest-dog-breeds-in-the-world-7.jpg</path>
	<source>
		<database>Unknown</database>
	</source>
	<size>
		<width>220</width>
		<height>220</height>
		<depth>3</depth>
	</size>
	<segmented>0</segmented>
	<object>
		<name>dog</name>
		<pose>Unspecified</pose>
		<truncated>0</truncated>
		<difficult>0</difficult>
		<bndbox>
			<xmin>13</xmin>
			<ymin>25</ymin>
			<xmax>43</xmax>
			<ymax>60</ymax>
		</bndbox>
	</object>
</annotation>
