<annotation>
	<folder>dog breeds - Bing images</folder>
	<filename>10-of-the-largest-dog-breeds-in-the-world-1.jpg</filename>
	<path>D:\dataset\dog breeds - Bing images\10-of-the-largest-dog-breeds-in-the-world-1.jpg</path>
	<source>
		<database>Unknown</database>
	</source>
	<size>
		<width>220</width>
		<height>220</height>
		<depth>3</depth>
	</size>
	<segmented>0</segmented>
	<object>
		<name>dog</name>
		<pose>Unspecified</pose>
		<truncated>0</truncated>
		<difficult>0</difficult>
		<bndbox>
			<xmin>98</xmin>
			<ymin>10</ymin>
			<xmax>146</xmax>
			<ymax>100</ymax>
		</bndbox>
	</object>
</annotation>
