<annotation>
	<folder>dog head images - Bing images</folder>
	<filename>10._Moderate_head_tilt.jpg</filename>
	<path>D:\dataset\dog head images - Bing images\10._Moderate_head_tilt.jpg</path>
	<source>
		<database>Unknown</database>
	</source>
	<size>
		<width>220</width>
		<height>220</height>
		<depth>3</depth>
	</size>
	<segmented>0</segmented>
	<object>
		<name>dog</name>
		<pose>Unspecified</pose>
		<truncated>0</truncated>
		<difficult>0</difficult>
		<bndbox>
			<xmin>74</xmin>
			<ymin>57</ymin>
			<xmax>150</xmax>
			<ymax>153</ymax>
		</bndbox>
	</object>
</annotation>
