<annotation>
	<folder>dog head images - Bing images</folder>
	<filename>11.10.15-head-tilt4.jpg</filename>
	<path>D:\dataset\dog head images - Bing images\11.10.15-head-tilt4.jpg</path>
	<source>
		<database>Unknown</database>
	</source>
	<size>
		<width>220</width>
		<height>220</height>
		<depth>3</depth>
	</size>
	<segmented>0</segmented>
	<object>
		<name>dog</name>
		<pose>Unspecified</pose>
		<truncated>0</truncated>
		<difficult>0</difficult>
		<bndbox>
			<xmin>79</xmin>
			<ymin>19</ymin>
			<xmax>150</xmax>
			<ymax>98</ymax>
		</bndbox>
	</object>
</annotation>
