<annotation>
	<folder>dog head images - Bing images</folder>
	<filename>1200px-Dog_head__Alaska_02.jpg</filename>
	<path>D:\dataset\dog head images - Bing images\1200px-Dog_head__Alaska_02.jpg</path>
	<source>
		<database>Unknown</database>
	</source>
	<size>
		<width>220</width>
		<height>220</height>
		<depth>3</depth>
	</size>
	<segmented>0</segmented>
	<object>
		<name>dog</name>
		<pose>Unspecified</pose>
		<truncated>0</truncated>
		<difficult>0</difficult>
		<bndbox>
			<xmin>57</xmin>
			<ymin>46</ymin>
			<xmax>151</xmax>
			<ymax>173</ymax>
		</bndbox>
	</object>
</annotation>
