<annotation>
	<folder>dog head images - Bing images</folder>
	<filename>12872740_f520.jpg</filename>
	<path>D:\dataset\dog head images - Bing images\12872740_f520.jpg</path>
	<source>
		<database>Unknown</database>
	</source>
	<size>
		<width>220</width>
		<height>220</height>
		<depth>3</depth>
	</size>
	<segmented>0</segmented>
	<object>
		<name>dog</name>
		<pose>Unspecified</pose>
		<truncated>0</truncated>
		<difficult>0</difficult>
		<bndbox>
			<xmin>47</xmin>
			<ymin>44</ymin>
			<xmax>165</xmax>
			<ymax>146</ymax>
		</bndbox>
	</object>
</annotation>
