<annotation>
	<folder>dog head images - Bing images</folder>
	<filename>134076_PT2._AC_SL1500_V1508363823_.jpg</filename>
	<path>D:\dataset\dog head images - Bing images\134076_PT2._AC_SL1500_V1508363823_.jpg</path>
	<source>
		<database>Unknown</database>
	</source>
	<size>
		<width>220</width>
		<height>220</height>
		<depth>3</depth>
	</size>
	<segmented>0</segmented>
	<object>
		<name>dog</name>
		<pose>Unspecified</pose>
		<truncated>0</truncated>
		<difficult>0</difficult>
		<bndbox>
			<xmin>50</xmin>
			<ymin>34</ymin>
			<xmax>208</xmax>
			<ymax>131</ymax>
		</bndbox>
	</object>
</annotation>
