<annotation>
	<folder>dog head images - Bing images</folder>
	<filename>134093_PT2._AC_SL1500_V1508363828_.jpg</filename>
	<path>D:\dataset\dog head images - Bing images\134093_PT2._AC_SL1500_V1508363828_.jpg</path>
	<source>
		<database>Unknown</database>
	</source>
	<size>
		<width>220</width>
		<height>220</height>
		<depth>3</depth>
	</size>
	<segmented>0</segmented>
	<object>
		<name>dog</name>
		<pose>Unspecified</pose>
		<truncated>0</truncated>
		<difficult>0</difficult>
		<bndbox>
			<xmin>4</xmin>
			<ymin>55</ymin>
			<xmax>160</xmax>
			<ymax>205</ymax>
		</bndbox>
	</object>
</annotation>
