<annotation>
	<folder>dog breeds - Bing images</folder>
	<filename>14649351_f1024.png</filename>
	<path>D:\dataset\dog breeds - Bing images\14649351_f1024.png</path>
	<source>
		<database>Unknown</database>
	</source>
	<size>
		<width>220</width>
		<height>220</height>
		<depth>3</depth>
	</size>
	<segmented>0</segmented>
	<object>
		<name>dog</name>
		<pose>Unspecified</pose>
		<truncated>0</truncated>
		<difficult>0</difficult>
		<bndbox>
			<xmin>143</xmin>
			<ymin>45</ymin>
			<xmax>204</xmax>
			<ymax>131</ymax>
		</bndbox>
	</object>
</annotation>
