<annotation>
	<folder>dog images - Google Search</folder>
	<filename>1500_ Baby Dog Pictures _ Download Free....jpg</filename>
	<path>D:\dataset\dog images - Google Search\1500_ Baby Dog Pictures _ Download Free....jpg</path>
	<source>
		<database>Unknown</database>
	</source>
	<size>
		<width>220</width>
		<height>220</height>
		<depth>3</depth>
	</size>
	<segmented>0</segmented>
	<object>
		<name>bottle</name>
		<pose>Unspecified</pose>
		<truncated>0</truncated>
		<difficult>0</difficult>
		<bndbox>
			<xmin>67</xmin>
			<ymin>40</ymin>
			<xmax>156</xmax>
			<ymax>136</ymax>
		</bndbox>
	</object>
</annotation>
