<annotation>
	<folder>dog breeds - Bing images</folder>
	<filename>16-designer-dog-breeds-that-will-melt-your-heart-2.jpg</filename>
	<path>D:\dataset\dog breeds - Bing images\16-designer-dog-breeds-that-will-melt-your-heart-2.jpg</path>
	<source>
		<database>Unknown</database>
	</source>
	<size>
		<width>220</width>
		<height>220</height>
		<depth>3</depth>
	</size>
	<segmented>0</segmented>
	<object>
		<name>dog</name>
		<pose>Unspecified</pose>
		<truncated>0</truncated>
		<difficult>0</difficult>
		<bndbox>
			<xmin>109</xmin>
			<ymin>20</ymin>
			<xmax>161</xmax>
			<ymax>108</ymax>
		</bndbox>
	</object>
</annotation>
