<annotation>
	<folder>dog head images - Bing images</folder>
	<filename>1f09db3c0309b0dbd4e69a8b80b33b7b-4.png</filename>
	<path>D:\dataset\dog head images - Bing images\1f09db3c0309b0dbd4e69a8b80b33b7b-4.png</path>
	<source>
		<database>Unknown</database>
	</source>
	<size>
		<width>220</width>
		<height>220</height>
		<depth>3</depth>
	</size>
	<segmented>0</segmented>
	<object>
		<name>dog</name>
		<pose>Unspecified</pose>
		<truncated>0</truncated>
		<difficult>0</difficult>
		<bndbox>
			<xmin>6</xmin>
			<ymin>50</ymin>
			<xmax>209</xmax>
			<ymax>188</ymax>
		</bndbox>
	</object>
</annotation>
