<annotation>
	<folder>dog breeds - Bing images</folder>
	<filename>20141103_AKC_3506.jpg</filename>
	<path>D:\dataset\dog breeds - Bing images\20141103_AKC_3506.jpg</path>
	<source>
		<database>Unknown</database>
	</source>
	<size>
		<width>220</width>
		<height>220</height>
		<depth>3</depth>
	</size>
	<segmented>0</segmented>
	<object>
		<name>dog</name>
		<pose>Unspecified</pose>
		<truncated>0</truncated>
		<difficult>0</difficult>
		<bndbox>
			<xmin>136</xmin>
			<ymin>73</ymin>
			<xmax>180</xmax>
			<ymax>141</ymax>
		</bndbox>
	</object>
</annotation>
