<annotation>
	<folder>dog head images - Bing images</folder>
	<filename>2014-02-03_15-42-49.jpg</filename>
	<path>D:\dataset\dog head images - Bing images\2014-02-03_15-42-49.jpg</path>
	<source>
		<database>Unknown</database>
	</source>
	<size>
		<width>220</width>
		<height>220</height>
		<depth>3</depth>
	</size>
	<segmented>0</segmented>
	<object>
		<name>dog</name>
		<pose>Unspecified</pose>
		<truncated>0</truncated>
		<difficult>0</difficult>
		<bndbox>
			<xmin>40</xmin>
			<ymin>17</ymin>
			<xmax>154</xmax>
			<ymax>155</ymax>
		</bndbox>
	</object>
</annotation>
