<annotation>
	<folder>dog images - Google Search</folder>
	<filename>25 Low-Maintenance Dog Breeds for....jpg</filename>
	<path>D:\dataset\dog images - Google Search\25 Low-Maintenance Dog Breeds for....jpg</path>
	<source>
		<database>Unknown</database>
	</source>
	<size>
		<width>220</width>
		<height>220</height>
		<depth>3</depth>
	</size>
	<segmented>0</segmented>
	<object>
		<name>bottle</name>
		<pose>Unspecified</pose>
		<truncated>0</truncated>
		<difficult>0</difficult>
		<bndbox>
			<xmin>57</xmin>
			<ymin>55</ymin>
			<xmax>173</xmax>
			<ymax>148</ymax>
		</bndbox>
	</object>
</annotation>
