<annotation>
	<folder>dog breeds - Bing images</folder>
	<filename>28698d1318316855-indian-dog-breeds-3.jpg</filename>
	<path>D:\dataset\dog breeds - Bing images\28698d1318316855-indian-dog-breeds-3.jpg</path>
	<source>
		<database>Unknown</database>
	</source>
	<size>
		<width>220</width>
		<height>220</height>
		<depth>3</depth>
	</size>
	<segmented>0</segmented>
	<object>
		<name>dog</name>
		<pose>Unspecified</pose>
		<truncated>0</truncated>
		<difficult>0</difficult>
		<bndbox>
			<xmin>46</xmin>
			<ymin>19</ymin>
			<xmax>170</xmax>
			<ymax>210</ymax>
		</bndbox>
	</object>
</annotation>
