<annotation>
	<folder>dog breeds - Bing images</folder>
	<filename>43a6d582-fee7-405c-996f-dd865a489fe9-getty-936740522.jpg</filename>
	<path>D:\dataset\dog breeds - Bing images\43a6d582-fee7-405c-996f-dd865a489fe9-getty-936740522.jpg</path>
	<source>
		<database>Unknown</database>
	</source>
	<size>
		<width>220</width>
		<height>220</height>
		<depth>3</depth>
	</size>
	<segmented>0</segmented>
	<object>
		<name>dog</name>
		<pose>Unspecified</pose>
		<truncated>0</truncated>
		<difficult>0</difficult>
		<bndbox>
			<xmin>79</xmin>
			<ymin>50</ymin>
			<xmax>140</xmax>
			<ymax>146</ymax>
		</bndbox>
	</object>
</annotation>
