<annotation>
	<folder>dog images - Google Search</folder>
	<filename>45 Best Large Dog Breeds - Top Big Dogs_yyth....jpg</filename>
	<path>D:\dataset\dog images - Google Search\45 Best Large Dog Breeds - Top Big Dogs_yyth....jpg</path>
	<source>
		<database>Unknown</database>
	</source>
	<size>
		<width>220</width>
		<height>220</height>
		<depth>3</depth>
	</size>
	<segmented>0</segmented>
	<object>
		<name>bottle</name>
		<pose>Unspecified</pose>
		<truncated>0</truncated>
		<difficult>0</difficult>
		<bndbox>
			<xmin>125</xmin>
			<ymin>24</ymin>
			<xmax>185</xmax>
			<ymax>91</ymax>
		</bndbox>
	</object>
</annotation>
