<annotation>
	<folder>dog breeds - Bing images</folder>
	<filename>49761837741_9f526f7476_z.jpg</filename>
	<path>D:\dataset\dog breeds - Bing images\49761837741_9f526f7476_z.jpg</path>
	<source>
		<database>Unknown</database>
	</source>
	<size>
		<width>220</width>
		<height>220</height>
		<depth>3</depth>
	</size>
	<segmented>0</segmented>
	<object>
		<name>dog</name>
		<pose>Unspecified</pose>
		<truncated>0</truncated>
		<difficult>0</difficult>
		<bndbox>
			<xmin>28</xmin>
			<ymin>69</ymin>
			<xmax>139</xmax>
			<ymax>198</ymax>
		</bndbox>
	</object>
</annotation>
