<annotation>
	<folder>dog breeds - Bing images</folder>
	<filename>65547029_876484499381273_5328475176355115323_n.jpg</filename>
	<path>D:\dataset\dog breeds - Bing images\65547029_876484499381273_5328475176355115323_n.jpg</path>
	<source>
		<database>Unknown</database>
	</source>
	<size>
		<width>220</width>
		<height>220</height>
		<depth>3</depth>
	</size>
	<segmented>0</segmented>
	<object>
		<name>dog</name>
		<pose>Unspecified</pose>
		<truncated>0</truncated>
		<difficult>0</difficult>
		<bndbox>
			<xmin>66</xmin>
			<ymin>56</ymin>
			<xmax>153</xmax>
			<ymax>159</ymax>
		</bndbox>
	</object>
</annotation>
