<annotation>
	<folder>dog head images - Bing images</folder>
	<filename>700full.jpg</filename>
	<path>D:\dataset\dog head images - Bing images\700full.jpg</path>
	<source>
		<database>Unknown</database>
	</source>
	<size>
		<width>220</width>
		<height>220</height>
		<depth>3</depth>
	</size>
	<segmented>0</segmented>
	<object>
		<name>dog</name>
		<pose>Unspecified</pose>
		<truncated>0</truncated>
		<difficult>0</difficult>
		<bndbox>
			<xmin>123</xmin>
			<ymin>32</ymin>
			<xmax>187</xmax>
			<ymax>115</ymax>
		</bndbox>
	</object>
</annotation>
