<annotation>
	<folder>dog breeds - Bing images</folder>
	<filename>74573503_656756674849892_1559659942434967622_n1.jpg</filename>
	<path>D:\dataset\dog breeds - Bing images\74573503_656756674849892_1559659942434967622_n1.jpg</path>
	<source>
		<database>Unknown</database>
	</source>
	<size>
		<width>220</width>
		<height>220</height>
		<depth>3</depth>
	</size>
	<segmented>0</segmented>
	<object>
		<name>dog</name>
		<pose>Unspecified</pose>
		<truncated>0</truncated>
		<difficult>0</difficult>
		<bndbox>
			<xmin>62</xmin>
			<ymin>42</ymin>
			<xmax>145</xmax>
			<ymax>125</ymax>
		</bndbox>
	</object>
</annotation>
