<annotation>
	<folder>dog breeds - Bing images</folder>
	<filename>7492286_f496.jpg</filename>
	<path>D:\dataset\dog breeds - Bing images\7492286_f496.jpg</path>
	<source>
		<database>Unknown</database>
	</source>
	<size>
		<width>220</width>
		<height>220</height>
		<depth>3</depth>
	</size>
	<segmented>0</segmented>
	<object>
		<name>dog</name>
		<pose>Unspecified</pose>
		<truncated>0</truncated>
		<difficult>0</difficult>
		<bndbox>
			<xmin>36</xmin>
			<ymin>37</ymin>
			<xmax>82</xmax>
			<ymax>99</ymax>
		</bndbox>
	</object>
</annotation>
