<annotation>
	<folder>dog images - Google Search</folder>
	<filename>8 Popular Dog Breeds in India.jpg</filename>
	<path>D:\dataset\dog images - Google Search\8 Popular Dog Breeds in India.jpg</path>
	<source>
		<database>Unknown</database>
	</source>
	<size>
		<width>220</width>
		<height>220</height>
		<depth>3</depth>
	</size>
	<segmented>0</segmented>
	<object>
		<name>bottle</name>
		<pose>Unspecified</pose>
		<truncated>0</truncated>
		<difficult>0</difficult>
		<bndbox>
			<xmin>34</xmin>
			<ymin>23</ymin>
			<xmax>88</xmax>
			<ymax>94</ymax>
		</bndbox>
	</object>
</annotation>
