<annotation>
	<folder>dog head images - Bing images</folder>
	<filename>89637_PT6._AC_SL1500_V1487972278_.jpg</filename>
	<path>D:\dataset\dog head images - Bing images\89637_PT6._AC_SL1500_V1487972278_.jpg</path>
	<source>
		<database>Unknown</database>
	</source>
	<size>
		<width>220</width>
		<height>220</height>
		<depth>3</depth>
	</size>
	<segmented>0</segmented>
	<object>
		<name>dog</name>
		<pose>Unspecified</pose>
		<truncated>1</truncated>
		<difficult>0</difficult>
		<bndbox>
			<xmin>79</xmin>
			<ymin>1</ymin>
			<xmax>218</xmax>
			<ymax>106</ymax>
		</bndbox>
	</object>
</annotation>
