<annotation>
	<folder>dog breeds - Bing images</folder>
	<filename>9-Shnoodle-flickr-Steve-Rhode.jpg</filename>
	<path>D:\dataset\dog breeds - Bing images\9-Shnoodle-flickr-Steve-Rhode.jpg</path>
	<source>
		<database>Unknown</database>
	</source>
	<size>
		<width>220</width>
		<height>220</height>
		<depth>3</depth>
	</size>
	<segmented>0</segmented>
	<object>
		<name>dog</name>
		<pose>Unspecified</pose>
		<truncated>0</truncated>
		<difficult>0</difficult>
		<bndbox>
			<xmin>67</xmin>
			<ymin>26</ymin>
			<xmax>157</xmax>
			<ymax>162</ymax>
		</bndbox>
	</object>
</annotation>
