<annotation>
	<folder>dog breeds - Bing images</folder>
	<filename>9caacaa13572397ae99fe333e5d47cfe.jpg</filename>
	<path>D:\dataset\dog breeds - Bing images\9caacaa13572397ae99fe333e5d47cfe.jpg</path>
	<source>
		<database>Unknown</database>
	</source>
	<size>
		<width>220</width>
		<height>220</height>
		<depth>3</depth>
	</size>
	<segmented>0</segmented>
	<object>
		<name>dog</name>
		<pose>Unspecified</pose>
		<truncated>0</truncated>
		<difficult>0</difficult>
		<bndbox>
			<xmin>41</xmin>
			<ymin>17</ymin>
			<xmax>143</xmax>
			<ymax>82</ymax>
		</bndbox>
	</object>
</annotation>
