<annotation>
	<folder>dog head images - Bing images</folder>
	<filename>ab302238e5c50cbc6f04c47f3ce4481b-8.png</filename>
	<path>D:\dataset\dog head images - Bing images\ab302238e5c50cbc6f04c47f3ce4481b-8.png</path>
	<source>
		<database>Unknown</database>
	</source>
	<size>
		<width>220</width>
		<height>220</height>
		<depth>3</depth>
	</size>
	<segmented>0</segmented>
	<object>
		<name>dog</name>
		<pose>Unspecified</pose>
		<truncated>0</truncated>
		<difficult>0</difficult>
		<bndbox>
			<xmin>22</xmin>
			<ymin>45</ymin>
			<xmax>192</xmax>
			<ymax>206</ymax>
		</bndbox>
	</object>
</annotation>
