<annotation>
	<folder>dog breeds - Bing images</folder>
	<filename>AdobeStock_178091205-1.jpeg</filename>
	<path>D:\dataset\dog breeds - Bing images\AdobeStock_178091205-1.jpeg</path>
	<source>
		<database>Unknown</database>
	</source>
	<size>
		<width>220</width>
		<height>220</height>
		<depth>3</depth>
	</size>
	<segmented>0</segmented>
	<object>
		<name>dog</name>
		<pose>Unspecified</pose>
		<truncated>0</truncated>
		<difficult>0</difficult>
		<bndbox>
			<xmin>98</xmin>
			<ymin>35</ymin>
			<xmax>153</xmax>
			<ymax>100</ymax>
		</bndbox>
	</object>
</annotation>
