<annotation>
	<folder>dog breeds - Bing images</folder>
	<filename>Adult_Lancashire_Heeler.jpg</filename>
	<path>D:\dataset\dog breeds - Bing images\Adult_Lancashire_Heeler.jpg</path>
	<source>
		<database>Unknown</database>
	</source>
	<size>
		<width>220</width>
		<height>220</height>
		<depth>3</depth>
	</size>
	<segmented>0</segmented>
	<object>
		<name>dog</name>
		<pose>Unspecified</pose>
		<truncated>0</truncated>
		<difficult>0</difficult>
		<bndbox>
			<xmin>113</xmin>
			<ymin>44</ymin>
			<xmax>159</xmax>
			<ymax>113</ymax>
		</bndbox>
	</object>
</annotation>
