<annotation>
	<folder>dog images - Google Search</folder>
	<filename>Ancient dog DNA reveals 11_000 years of....jpg</filename>
	<path>D:\dataset\dog images - Google Search\Ancient dog DNA reveals 11_000 years of....jpg</path>
	<source>
		<database>Unknown</database>
	</source>
	<size>
		<width>220</width>
		<height>220</height>
		<depth>3</depth>
	</size>
	<segmented>0</segmented>
	<object>
		<name>bottle</name>
		<pose>Unspecified</pose>
		<truncated>0</truncated>
		<difficult>0</difficult>
		<bndbox>
			<xmin>29</xmin>
			<ymin>52</ymin>
			<xmax>196</xmax>
			<ymax>200</ymax>
		</bndbox>
	</object>
</annotation>
