<annotation>
	<folder>dog breeds - Bing images</folder>
	<filename>article_474_7.png</filename>
	<path>D:\dataset\dog breeds - Bing images\article_474_7.png</path>
	<source>
		<database>Unknown</database>
	</source>
	<size>
		<width>220</width>
		<height>220</height>
		<depth>3</depth>
	</size>
	<segmented>0</segmented>
	<object>
		<name>dog</name>
		<pose>Unspecified</pose>
		<truncated>0</truncated>
		<difficult>0</difficult>
		<bndbox>
			<xmin>41</xmin>
			<ymin>5</ymin>
			<xmax>128</xmax>
			<ymax>124</ymax>
		</bndbox>
	</object>
</annotation>
