<annotation>
	<folder>dog breeds - Bing images</folder>
	<filename>australian-cattle-dog-u5-sz3.jpg</filename>
	<path>D:\dataset\dog breeds - Bing images\australian-cattle-dog-u5-sz3.jpg</path>
	<source>
		<database>Unknown</database>
	</source>
	<size>
		<width>220</width>
		<height>220</height>
		<depth>3</depth>
	</size>
	<segmented>0</segmented>
	<object>
		<name>dog</name>
		<pose>Unspecified</pose>
		<truncated>0</truncated>
		<difficult>0</difficult>
		<bndbox>
			<xmin>26</xmin>
			<ymin>62</ymin>
			<xmax>137</xmax>
			<ymax>184</ymax>
		</bndbox>
	</object>
</annotation>
