<annotation>
	<folder>dog head images - Bing images</folder>
	<filename>basset-hound-riding-in-a-car.jpg</filename>
	<path>D:\dataset\dog head images - Bing images\basset-hound-riding-in-a-car.jpg</path>
	<source>
		<database>Unknown</database>
	</source>
	<size>
		<width>220</width>
		<height>220</height>
		<depth>3</depth>
	</size>
	<segmented>0</segmented>
	<object>
		<name>dog</name>
		<pose>Unspecified</pose>
		<truncated>0</truncated>
		<difficult>0</difficult>
		<bndbox>
			<xmin>87</xmin>
			<ymin>50</ymin>
			<xmax>150</xmax>
			<ymax>157</ymax>
		</bndbox>
	</object>
</annotation>
