<annotation>
	<folder>dog head images - Bing images</folder>
	<filename>bdc1c89740fdd84fe3c4404f294f32d5-9.png</filename>
	<path>D:\dataset\dog head images - Bing images\bdc1c89740fdd84fe3c4404f294f32d5-9.png</path>
	<source>
		<database>Unknown</database>
	</source>
	<size>
		<width>220</width>
		<height>220</height>
		<depth>3</depth>
	</size>
	<segmented>0</segmented>
	<object>
		<name>dog</name>
		<pose>Unspecified</pose>
		<truncated>0</truncated>
		<difficult>0</difficult>
		<bndbox>
			<xmin>44</xmin>
			<ymin>40</ymin>
			<xmax>124</xmax>
			<ymax>122</ymax>
		</bndbox>
	</object>
</annotation>
