<annotation>
	<folder>dog breeds - Bing images</folder>
	<filename>beauceron-sz3.jpg</filename>
	<path>D:\dataset\dog breeds - Bing images\beauceron-sz3.jpg</path>
	<source>
		<database>Unknown</database>
	</source>
	<size>
		<width>220</width>
		<height>220</height>
		<depth>3</depth>
	</size>
	<segmented>0</segmented>
	<object>
		<name>dog</name>
		<pose>Unspecified</pose>
		<truncated>0</truncated>
		<difficult>0</difficult>
		<bndbox>
			<xmin>121</xmin>
			<ymin>13</ymin>
			<xmax>169</xmax>
			<ymax>81</ymax>
		</bndbox>
	</object>
</annotation>
