<annotation>
	<folder>dog breeds - Bing images</folder>
	<filename>Best-Dog-Breed-For-Seniors-Maltese-Terrier.jpg</filename>
	<path>D:\dataset\dog breeds - Bing images\Best-Dog-Breed-For-Seniors-Maltese-Terrier.jpg</path>
	<source>
		<database>Unknown</database>
	</source>
	<size>
		<width>220</width>
		<height>220</height>
		<depth>3</depth>
	</size>
	<segmented>0</segmented>
	<object>
		<name>dog</name>
		<pose>Unspecified</pose>
		<truncated>0</truncated>
		<difficult>0</difficult>
		<bndbox>
			<xmin>44</xmin>
			<ymin>21</ymin>
			<xmax>139</xmax>
			<ymax>102</ymax>
		</bndbox>
	</object>
</annotation>
