<annotation>
	<folder>dog breeds - Bing images</folder>
	<filename>best-service-dog-breeds_canna-pet-e1499614805192.jpg</filename>
	<path>D:\dataset\dog breeds - Bing images\best-service-dog-breeds_canna-pet-e1499614805192.jpg</path>
	<source>
		<database>Unknown</database>
	</source>
	<size>
		<width>220</width>
		<height>220</height>
		<depth>3</depth>
	</size>
	<segmented>0</segmented>
	<object>
		<name>dog</name>
		<pose>Unspecified</pose>
		<truncated>0</truncated>
		<difficult>0</difficult>
		<bndbox>
			<xmin>50</xmin>
			<ymin>12</ymin>
			<xmax>151</xmax>
			<ymax>168</ymax>
		</bndbox>
	</object>
</annotation>
