<annotation>
	<folder>dog breeds - Bing images</folder>
	<filename>bloodhound-dog-cc-sz3.jpg</filename>
	<path>D:\dataset\dog breeds - Bing images\bloodhound-dog-cc-sz3.jpg</path>
	<source>
		<database>Unknown</database>
	</source>
	<size>
		<width>220</width>
		<height>220</height>
		<depth>3</depth>
	</size>
	<segmented>0</segmented>
	<object>
		<name>dog</name>
		<pose>Unspecified</pose>
		<truncated>0</truncated>
		<difficult>0</difficult>
		<bndbox>
			<xmin>53</xmin>
			<ymin>20</ymin>
			<xmax>167</xmax>
			<ymax>216</ymax>
		</bndbox>
	</object>
</annotation>
