<annotation>
	<folder>dog breeds - Bing images</folder>
	<filename>Border-Terrier-border-terriers-13687129-1576-1024.jpg</filename>
	<path>D:\dataset\dog breeds - Bing images\Border-Terrier-border-terriers-13687129-1576-1024.jpg</path>
	<source>
		<database>Unknown</database>
	</source>
	<size>
		<width>220</width>
		<height>220</height>
		<depth>3</depth>
	</size>
	<segmented>0</segmented>
	<object>
		<name>dog</name>
		<pose>Unspecified</pose>
		<truncated>0</truncated>
		<difficult>0</difficult>
		<bndbox>
			<xmin>74</xmin>
			<ymin>11</ymin>
			<xmax>128</xmax>
			<ymax>103</ymax>
		</bndbox>
	</object>
</annotation>
