<annotation>
	<folder>dog head images - Bing images</folder>
	<filename>brown-dog-sitting-legs-apart-tilted-head-picture-id87373298.jpg</filename>
	<path>D:\dataset\dog head images - Bing images\brown-dog-sitting-legs-apart-tilted-head-picture-id87373298.jpg</path>
	<source>
		<database>Unknown</database>
	</source>
	<size>
		<width>220</width>
		<height>220</height>
		<depth>3</depth>
	</size>
	<segmented>0</segmented>
	<object>
		<name>dog</name>
		<pose>Unspecified</pose>
		<truncated>0</truncated>
		<difficult>0</difficult>
		<bndbox>
			<xmin>68</xmin>
			<ymin>33</ymin>
			<xmax>155</xmax>
			<ymax>95</ymax>
		</bndbox>
	</object>
</annotation>
