<annotation>
	<folder>dog breeds - Bing images</folder>
	<filename>bull-boxer-i4.jpg</filename>
	<path>D:\dataset\dog breeds - Bing images\bull-boxer-i4.jpg</path>
	<source>
		<database>Unknown</database>
	</source>
	<size>
		<width>220</width>
		<height>220</height>
		<depth>3</depth>
	</size>
	<segmented>0</segmented>
	<object>
		<name>dog</name>
		<pose>Unspecified</pose>
		<truncated>0</truncated>
		<difficult>0</difficult>
		<bndbox>
			<xmin>34</xmin>
			<ymin>16</ymin>
			<xmax>165</xmax>
			<ymax>140</ymax>
		</bndbox>
	</object>
</annotation>
