<annotation>
	<folder>dog breeds - Bing images</folder>
	<filename>carolina-dog-i4-sz3.jpg</filename>
	<path>D:\dataset\dog breeds - Bing images\carolina-dog-i4-sz3.jpg</path>
	<source>
		<database>Unknown</database>
	</source>
	<size>
		<width>220</width>
		<height>220</height>
		<depth>3</depth>
	</size>
	<segmented>0</segmented>
	<object>
		<name>dog</name>
		<pose>Unspecified</pose>
		<truncated>0</truncated>
		<difficult>0</difficult>
		<bndbox>
			<xmin>46</xmin>
			<ymin>61</ymin>
			<xmax>99</xmax>
			<ymax>110</ymax>
		</bndbox>
	</object>
</annotation>
