<annotation>
	<folder>dog breeds - Bing images</folder>
	<filename>caucasian-shepherd-dog-800.jpg</filename>
	<path>D:\dataset\dog breeds - Bing images\caucasian-shepherd-dog-800.jpg</path>
	<source>
		<database>Unknown</database>
	</source>
	<size>
		<width>220</width>
		<height>220</height>
		<depth>3</depth>
	</size>
	<segmented>0</segmented>
	<object>
		<name>dog</name>
		<pose>Unspecified</pose>
		<truncated>0</truncated>
		<difficult>0</difficult>
		<bndbox>
			<xmin>40</xmin>
			<ymin>35</ymin>
			<xmax>77</xmax>
			<ymax>89</ymax>
		</bndbox>
	</object>
</annotation>
