<annotation>
	<folder>dog head images - Bing images</folder>
	<filename>ce5fbc9a4e4c2522a8888c887123cd73--hilarious-animals-funniest-animals.jpg</filename>
	<path>D:\dataset\dog head images - Bing images\ce5fbc9a4e4c2522a8888c887123cd73--hilarious-animals-funniest-animals.jpg</path>
	<source>
		<database>Unknown</database>
	</source>
	<size>
		<width>220</width>
		<height>220</height>
		<depth>3</depth>
	</size>
	<segmented>0</segmented>
	<object>
		<name>dog</name>
		<pose>Unspecified</pose>
		<truncated>0</truncated>
		<difficult>0</difficult>
		<bndbox>
			<xmin>97</xmin>
			<ymin>26</ymin>
			<xmax>177</xmax>
			<ymax>86</ymax>
		</bndbox>
	</object>
</annotation>
