<annotation>
	<folder>dog breeds - Bing images</folder>
	<filename>Cool-Dog-Breeds-And-Mighty-Mixes-LS-tall.jpg</filename>
	<path>D:\dataset\dog breeds - Bing images\Cool-Dog-Breeds-And-Mighty-Mixes-LS-tall.jpg</path>
	<source>
		<database>Unknown</database>
	</source>
	<size>
		<width>220</width>
		<height>220</height>
		<depth>3</depth>
	</size>
	<segmented>0</segmented>
	<object>
		<name>dog</name>
		<pose>Unspecified</pose>
		<truncated>0</truncated>
		<difficult>0</difficult>
		<bndbox>
			<xmin>75</xmin>
			<ymin>32</ymin>
			<xmax>133</xmax>
			<ymax>89</ymax>
		</bndbox>
	</object>
</annotation>
