<annotation>
	<folder>dog head images - Bing images</folder>
	<filename>creative-pet-cones-elizabethan-collars-2__605.jpg</filename>
	<path>D:\dataset\dog head images - Bing images\creative-pet-cones-elizabethan-collars-2__605.jpg</path>
	<source>
		<database>Unknown</database>
	</source>
	<size>
		<width>220</width>
		<height>220</height>
		<depth>3</depth>
	</size>
	<segmented>0</segmented>
	<object>
		<name>dog</name>
		<pose>Unspecified</pose>
		<truncated>0</truncated>
		<difficult>0</difficult>
		<bndbox>
			<xmin>83</xmin>
			<ymin>38</ymin>
			<xmax>170</xmax>
			<ymax>122</ymax>
		</bndbox>
	</object>
</annotation>
