<annotation>
	<folder>dog breeds - Bing images</folder>
	<filename>cutest-hybrid-dogs-3.jpeg</filename>
	<path>D:\dataset\dog breeds - Bing images\cutest-hybrid-dogs-3.jpeg</path>
	<source>
		<database>Unknown</database>
	</source>
	<size>
		<width>220</width>
		<height>220</height>
		<depth>3</depth>
	</size>
	<segmented>0</segmented>
	<object>
		<name>dog</name>
		<pose>Unspecified</pose>
		<truncated>0</truncated>
		<difficult>0</difficult>
		<bndbox>
			<xmin>65</xmin>
			<ymin>25</ymin>
			<xmax>116</xmax>
			<ymax>92</ymax>
		</bndbox>
	</object>
</annotation>
