<annotation>
	<folder>dog breeds - Bing images</folder>
	<filename>d1ec3fe3aa3b0ebdb37f2bf7cddf27dc.jpg</filename>
	<path>D:\dataset\dog breeds - Bing images\d1ec3fe3aa3b0ebdb37f2bf7cddf27dc.jpg</path>
	<source>
		<database>Unknown</database>
	</source>
	<size>
		<width>220</width>
		<height>220</height>
		<depth>3</depth>
	</size>
	<segmented>0</segmented>
	<object>
		<name>dog</name>
		<pose>Unspecified</pose>
		<truncated>0</truncated>
		<difficult>0</difficult>
		<bndbox>
			<xmin>91</xmin>
			<ymin>6</ymin>
			<xmax>141</xmax>
			<ymax>90</ymax>
		</bndbox>
	</object>
</annotation>
