<annotation>
	<folder>dog head images - Bing images</folder>
	<filename>Deer-Head-Chihuahua.jpg</filename>
	<path>D:\dataset\dog head images - Bing images\Deer-Head-Chihuahua.jpg</path>
	<source>
		<database>Unknown</database>
	</source>
	<size>
		<width>220</width>
		<height>220</height>
		<depth>3</depth>
	</size>
	<segmented>0</segmented>
	<object>
		<name>dog</name>
		<pose>Unspecified</pose>
		<truncated>0</truncated>
		<difficult>0</difficult>
		<bndbox>
			<xmin>62</xmin>
			<ymin>47</ymin>
			<xmax>128</xmax>
			<ymax>135</ymax>
		</bndbox>
	</object>
</annotation>
