<annotation>
	<folder>dog head images - Bing images</folder>
	<filename>depositphotos_9950527-stock-photo-rottweiler-puppy-profile-portrait.jpg</filename>
	<path>D:\dataset\dog head images - Bing images\depositphotos_9950527-stock-photo-rottweiler-puppy-profile-portrait.jpg</path>
	<source>
		<database>Unknown</database>
	</source>
	<size>
		<width>220</width>
		<height>220</height>
		<depth>3</depth>
	</size>
	<segmented>0</segmented>
	<object>
		<name>dog</name>
		<pose>Unspecified</pose>
		<truncated>0</truncated>
		<difficult>0</difficult>
		<bndbox>
			<xmin>38</xmin>
			<ymin>20</ymin>
			<xmax>185</xmax>
			<ymax>197</ymax>
		</bndbox>
	</object>
</annotation>
