<annotation>
	<folder>dog head images - Bing images</folder>
	<filename>depositphotos_8517744-stock-photo-black-dog-head.jpg</filename>
	<path>D:\dataset\dog head images - Bing images\depositphotos_8517744-stock-photo-black-dog-head.jpg</path>
	<source>
		<database>Unknown</database>
	</source>
	<size>
		<width>220</width>
		<height>220</height>
		<depth>3</depth>
	</size>
	<segmented>0</segmented>
	<object>
		<name>dog</name>
		<pose>Unspecified</pose>
		<truncated>0</truncated>
		<difficult>0</difficult>
		<bndbox>
			<xmin>58</xmin>
			<ymin>31</ymin>
			<xmax>181</xmax>
			<ymax>189</ymax>
		</bndbox>
	</object>
</annotation>
