<annotation>
	<folder>dog images - Google Search</folder>
	<filename>Dog theft_ Simple tips to stop your pet....jpg</filename>
	<path>D:\dataset\dog images - Google Search\Dog theft_ Simple tips to stop your pet....jpg</path>
	<source>
		<database>Unknown</database>
	</source>
	<size>
		<width>220</width>
		<height>220</height>
		<depth>3</depth>
	</size>
	<segmented>0</segmented>
	<object>
		<name>bottle</name>
		<pose>Unspecified</pose>
		<truncated>0</truncated>
		<difficult>0</difficult>
		<bndbox>
			<xmin>49</xmin>
			<ymin>7</ymin>
			<xmax>112</xmax>
			<ymax>130</ymax>
		</bndbox>
	</object>
</annotation>
