<annotation>
	<folder>dog images - Google Search</folder>
	<filename>dog existed at the end of the Ice Age_yythkg....jpg</filename>
	<path>D:\dataset\dog images - Google Search\dog existed at the end of the Ice Age_yythkg....jpg</path>
	<source>
		<database>Unknown</database>
	</source>
	<size>
		<width>220</width>
		<height>220</height>
		<depth>3</depth>
	</size>
	<segmented>0</segmented>
	<object>
		<name>bottle</name>
		<pose>Unspecified</pose>
		<truncated>0</truncated>
		<difficult>0</difficult>
		<bndbox>
			<xmin>94</xmin>
			<ymin>13</ymin>
			<xmax>130</xmax>
			<ymax>59</ymax>
		</bndbox>
	</object>
</annotation>
