<annotation>
	<folder>white cat - Bing images</folder>
	<filename>106-1063910_transparent-white-cat-png-white-cat-transparent-background.png</filename>
	<path>D:\dataset\white cat - Bing images\106-1063910_transparent-white-cat-png-white-cat-transparent-background.png</path>
	<source>
		<database>Unknown</database>
	</source>
	<size>
		<width>220</width>
		<height>220</height>
		<depth>3</depth>
	</size>
	<segmented>0</segmented>
	<object>
		<name>cat</name>
		<pose>Unspecified</pose>
		<truncated>0</truncated>
		<difficult>0</difficult>
		<bndbox>
			<xmin>152</xmin>
			<ymin>31</ymin>
			<xmax>201</xmax>
			<ymax>88</ymax>
		</bndbox>
	</object>
</annotation>
