<annotation>
	<folder>grey cat - Bing images</folder>
	<filename>10949529_1461710566.1341_funddescription.jpg</filename>
	<path>D:\dataset\grey cat - Bing images\10949529_1461710566.1341_funddescription.jpg</path>
	<source>
		<database>Unknown</database>
	</source>
	<size>
		<width>220</width>
		<height>220</height>
		<depth>3</depth>
	</size>
	<segmented>0</segmented>
	<object>
		<name>cat</name>
		<pose>Unspecified</pose>
		<truncated>0</truncated>
		<difficult>0</difficult>
		<bndbox>
			<xmin>43</xmin>
			<ymin>27</ymin>
			<xmax>98</xmax>
			<ymax>88</ymax>
		</bndbox>
	</object>
</annotation>
