<annotation>
	<folder>cat images - Google Search</folder>
	<filename>10_000_ Best Cat Photos · 100_ Free....jpeg</filename>
	<path>D:\dataset\cat images - Google Search\10_000_ Best Cat Photos · 100_ Free....jpeg</path>
	<source>
		<database>Unknown</database>
	</source>
	<size>
		<width>220</width>
		<height>220</height>
		<depth>3</depth>
	</size>
	<segmented>0</segmented>
	<object>
		<name>bottle</name>
		<pose>Unspecified</pose>
		<truncated>0</truncated>
		<difficult>0</difficult>
		<bndbox>
			<xmin>24</xmin>
			<ymin>63</ymin>
			<xmax>138</xmax>
			<ymax>147</ymax>
		</bndbox>
	</object>
</annotation>
