<annotation>
	<folder>white cat - Bing images</folder>
	<filename>2-5eWeme1.png</filename>
	<path>D:\dataset\white cat - Bing images\2-5eWeme1.png</path>
	<source>
		<database>Unknown</database>
	</source>
	<size>
		<width>220</width>
		<height>220</height>
		<depth>3</depth>
	</size>
	<segmented>0</segmented>
	<object>
		<name>cat</name>
		<pose>Unspecified</pose>
		<truncated>0</truncated>
		<difficult>0</difficult>
		<bndbox>
			<xmin>69</xmin>
			<ymin>29</ymin>
			<xmax>144</xmax>
			<ymax>180</ymax>
		</bndbox>
	</object>
</annotation>
