<annotation>
	<folder>cat images - Google Search</folder>
	<filename>20 Reasons Why Cats Make the Best Pets....jpg</filename>
	<path>D:\dataset\cat images - Google Search\20 Reasons Why Cats Make the Best Pets....jpg</path>
	<source>
		<database>Unknown</database>
	</source>
	<size>
		<width>220</width>
		<height>220</height>
		<depth>3</depth>
	</size>
	<segmented>0</segmented>
	<object>
		<name>bottle</name>
		<pose>Unspecified</pose>
		<truncated>0</truncated>
		<difficult>0</difficult>
		<bndbox>
			<xmin>108</xmin>
			<ymin>28</ymin>
			<xmax>187</xmax>
			<ymax>108</ymax>
		</bndbox>
	</object>
</annotation>
