<annotation>
	<folder>white cat - Bing images</folder>
	<filename>2016-12-28_5863f594b5862_blackandwhitecat.jpg</filename>
	<path>D:\dataset\white cat - Bing images\2016-12-28_5863f594b5862_blackandwhitecat.jpg</path>
	<source>
		<database>Unknown</database>
	</source>
	<size>
		<width>220</width>
		<height>220</height>
		<depth>3</depth>
	</size>
	<segmented>0</segmented>
	<object>
		<name>cat</name>
		<pose>Unspecified</pose>
		<truncated>0</truncated>
		<difficult>0</difficult>
		<bndbox>
			<xmin>63</xmin>
			<ymin>51</ymin>
			<xmax>123</xmax>
			<ymax>112</ymax>
		</bndbox>
	</object>
</annotation>
