<annotation>
	<folder>cat head images - Bing images</folder>
	<filename>2017-06-01-00-05-14-900x598.jpg</filename>
	<path>D:\dataset\cat head images - Bing images\2017-06-01-00-05-14-900x598.jpg</path>
	<source>
		<database>Unknown</database>
	</source>
	<size>
		<width>220</width>
		<height>220</height>
		<depth>3</depth>
	</size>
	<segmented>0</segmented>
	<object>
		<name>cat</name>
		<pose>Unspecified</pose>
		<truncated>0</truncated>
		<difficult>0</difficult>
		<bndbox>
			<xmin>79</xmin>
			<ymin>36</ymin>
			<xmax>171</xmax>
			<ymax>150</ymax>
		</bndbox>
	</object>
</annotation>
