<annotation>
	<folder>grey cat - Bing images</folder>
	<filename>2018-11-17_16_31_45Gigi.jpg</filename>
	<path>D:\dataset\grey cat - Bing images\2018-11-17_16_31_45Gigi.jpg</path>
	<source>
		<database>Unknown</database>
	</source>
	<size>
		<width>220</width>
		<height>220</height>
		<depth>3</depth>
	</size>
	<segmented>0</segmented>
	<object>
		<name>cat</name>
		<pose>Unspecified</pose>
		<truncated>0</truncated>
		<difficult>0</difficult>
		<bndbox>
			<xmin>100</xmin>
			<ymin>27</ymin>
			<xmax>187</xmax>
			<ymax>91</ymax>
		</bndbox>
	</object>
</annotation>
