<annotation>
	<folder>white cat - Bing images</folder>
	<filename>23380b2864983b4a3e1658000d604331.jpg</filename>
	<path>D:\dataset\white cat - Bing images\23380b2864983b4a3e1658000d604331.jpg</path>
	<source>
		<database>Unknown</database>
	</source>
	<size>
		<width>220</width>
		<height>220</height>
		<depth>3</depth>
	</size>
	<segmented>0</segmented>
	<object>
		<name>cat</name>
		<pose>Unspecified</pose>
		<truncated>0</truncated>
		<difficult>0</difficult>
		<bndbox>
			<xmin>59</xmin>
			<ymin>13</ymin>
			<xmax>130</xmax>
			<ymax>104</ymax>
		</bndbox>
	</object>
</annotation>
