<annotation>
	<folder>grey cat - Bing images</folder>
	<filename>3230883821_663f347c73_b.jpg</filename>
	<path>D:\dataset\grey cat - Bing images\3230883821_663f347c73_b.jpg</path>
	<source>
		<database>Unknown</database>
	</source>
	<size>
		<width>220</width>
		<height>220</height>
		<depth>1</depth>
	</size>
	<segmented>0</segmented>
	<object>
		<name>cat</name>
		<pose>Unspecified</pose>
		<truncated>0</truncated>
		<difficult>0</difficult>
		<bndbox>
			<xmin>110</xmin>
			<ymin>75</ymin>
			<xmax>161</xmax>
			<ymax>113</ymax>
		</bndbox>
	</object>
</annotation>
