<annotation>
	<folder>grey cat - Bing images</folder>
	<filename>33110decd5440ab1ca9891381a781e47.jpg</filename>
	<path>D:\dataset\grey cat - Bing images\33110decd5440ab1ca9891381a781e47.jpg</path>
	<source>
		<database>Unknown</database>
	</source>
	<size>
		<width>220</width>
		<height>220</height>
		<depth>3</depth>
	</size>
	<segmented>0</segmented>
	<object>
		<name>cat</name>
		<pose>Unspecified</pose>
		<truncated>0</truncated>
		<difficult>0</difficult>
		<bndbox>
			<xmin>80</xmin>
			<ymin>33</ymin>
			<xmax>156</xmax>
			<ymax>86</ymax>
		</bndbox>
	</object>
</annotation>
