<annotation>
	<folder>white cat - Bing images</folder>
	<filename>33351631_260594934684461_1144904437047754752_n-5b17d77604d1cf0037f3ea5a.jpg</filename>
	<path>D:\dataset\white cat - Bing images\33351631_260594934684461_1144904437047754752_n-5b17d77604d1cf0037f3ea5a.jpg</path>
	<source>
		<database>Unknown</database>
	</source>
	<size>
		<width>220</width>
		<height>220</height>
		<depth>3</depth>
	</size>
	<segmented>0</segmented>
	<object>
		<name>cat</name>
		<pose>Unspecified</pose>
		<truncated>0</truncated>
		<difficult>0</difficult>
		<bndbox>
			<xmin>79</xmin>
			<ymin>18</ymin>
			<xmax>179</xmax>
			<ymax>132</ymax>
		</bndbox>
	</object>
</annotation>
