<annotation>
	<folder>white cat - Bing images</folder>
	<filename>34197592_171571043515460_8129014116430905344_n-5b17d9f6eb97de003624354d.jpg</filename>
	<path>D:\dataset\white cat - Bing images\34197592_171571043515460_8129014116430905344_n-5b17d9f6eb97de003624354d.jpg</path>
	<source>
		<database>Unknown</database>
	</source>
	<size>
		<width>220</width>
		<height>220</height>
		<depth>3</depth>
	</size>
	<segmented>0</segmented>
	<object>
		<name>cat</name>
		<pose>Unspecified</pose>
		<truncated>0</truncated>
		<difficult>0</difficult>
		<bndbox>
			<xmin>63</xmin>
			<ymin>31</ymin>
			<xmax>117</xmax>
			<ymax>79</ymax>
		</bndbox>
	</object>
</annotation>
