<annotation>
	<folder>grey cat - Bing images</folder>
	<filename>34546169674_da8607d246_b.jpg</filename>
	<path>D:\dataset\grey cat - Bing images\34546169674_da8607d246_b.jpg</path>
	<source>
		<database>Unknown</database>
	</source>
	<size>
		<width>220</width>
		<height>220</height>
		<depth>3</depth>
	</size>
	<segmented>0</segmented>
	<object>
		<name>cat</name>
		<pose>Unspecified</pose>
		<truncated>0</truncated>
		<difficult>0</difficult>
		<bndbox>
			<xmin>58</xmin>
			<ymin>51</ymin>
			<xmax>134</xmax>
			<ymax>116</ymax>
		</bndbox>
	</object>
</annotation>
