<annotation>
	<folder>cat head images - Bing images</folder>
	<filename>38678-Tabby-cat-lying-with-head-up-white-background.jpg</filename>
	<path>D:\dataset\cat head images - Bing images\38678-Tabby-cat-lying-with-head-up-white-background.jpg</path>
	<source>
		<database>Unknown</database>
	</source>
	<size>
		<width>220</width>
		<height>220</height>
		<depth>3</depth>
	</size>
	<segmented>0</segmented>
	<object>
		<name>cat</name>
		<pose>Unspecified</pose>
		<truncated>0</truncated>
		<difficult>0</difficult>
		<bndbox>
			<xmin>66</xmin>
			<ymin>46</ymin>
			<xmax>170</xmax>
			<ymax>118</ymax>
		</bndbox>
	</object>
</annotation>
