<annotation>
	<folder>white cat - Bing images</folder>
	<filename>41e20252-62dd-446b-920a-308e20bca5f5.jpg</filename>
	<path>D:\dataset\white cat - Bing images\41e20252-62dd-446b-920a-308e20bca5f5.jpg</path>
	<source>
		<database>Unknown</database>
	</source>
	<size>
		<width>220</width>
		<height>220</height>
		<depth>3</depth>
	</size>
	<segmented>0</segmented>
	<object>
		<name>cat</name>
		<pose>Unspecified</pose>
		<truncated>0</truncated>
		<difficult>0</difficult>
		<bndbox>
			<xmin>43</xmin>
			<ymin>117</ymin>
			<xmax>93</xmax>
			<ymax>163</ymax>
		</bndbox>
	</object>
</annotation>
