<annotation>
	<folder>cat head images - Bing images</folder>
	<filename>424-4243874_cat-head-cutout-hd-png-download.png</filename>
	<path>D:\dataset\cat head images - Bing images\424-4243874_cat-head-cutout-hd-png-download.png</path>
	<source>
		<database>Unknown</database>
	</source>
	<size>
		<width>220</width>
		<height>220</height>
		<depth>3</depth>
	</size>
	<segmented>0</segmented>
	<object>
		<name>cat</name>
		<pose>Unspecified</pose>
		<truncated>0</truncated>
		<difficult>0</difficult>
		<bndbox>
			<xmin>11</xmin>
			<ymin>47</ymin>
			<xmax>204</xmax>
			<ymax>200</ymax>
		</bndbox>
	</object>
</annotation>
