<annotation>
	<folder>white cat - Bing images</folder>
	<filename>43324889-89b1-49be-b9ef-5e1654067025.jpg</filename>
	<path>D:\dataset\white cat - Bing images\43324889-89b1-49be-b9ef-5e1654067025.jpg</path>
	<source>
		<database>Unknown</database>
	</source>
	<size>
		<width>220</width>
		<height>220</height>
		<depth>3</depth>
	</size>
	<segmented>0</segmented>
	<object>
		<name>cat</name>
		<pose>Unspecified</pose>
		<truncated>0</truncated>
		<difficult>0</difficult>
		<bndbox>
			<xmin>61</xmin>
			<ymin>54</ymin>
			<xmax>203</xmax>
			<ymax>205</ymax>
		</bndbox>
	</object>
</annotation>
