<annotation>
	<folder>white cat - Bing images</folder>
	<filename>4394955222_07c30ed3d6_b.jpg</filename>
	<path>D:\dataset\white cat - Bing images\4394955222_07c30ed3d6_b.jpg</path>
	<source>
		<database>Unknown</database>
	</source>
	<size>
		<width>220</width>
		<height>220</height>
		<depth>3</depth>
	</size>
	<segmented>0</segmented>
	<object>
		<name>cat</name>
		<pose>Unspecified</pose>
		<truncated>0</truncated>
		<difficult>0</difficult>
		<bndbox>
			<xmin>93</xmin>
			<ymin>39</ymin>
			<xmax>139</xmax>
			<ymax>92</ymax>
		</bndbox>
	</object>
</annotation>
