<annotation>
	<folder>white cat - Bing images</folder>
	<filename>456937b1-a3c4-40c1-80f0-5a099196a671.jpg</filename>
	<path>D:\dataset\white cat - Bing images\456937b1-a3c4-40c1-80f0-5a099196a671.jpg</path>
	<source>
		<database>Unknown</database>
	</source>
	<size>
		<width>220</width>
		<height>220</height>
		<depth>3</depth>
	</size>
	<segmented>0</segmented>
	<object>
		<name>cat</name>
		<pose>Unspecified</pose>
		<truncated>0</truncated>
		<difficult>0</difficult>
		<bndbox>
			<xmin>20</xmin>
			<ymin>26</ymin>
			<xmax>128</xmax>
			<ymax>131</ymax>
		</bndbox>
	</object>
</annotation>
