<annotation>
	<folder>white cat - Bing images</folder>
	<filename>45b22e5616d90515c36e87b247aa5e28.jpg</filename>
	<path>D:\dataset\white cat - Bing images\45b22e5616d90515c36e87b247aa5e28.jpg</path>
	<source>
		<database>Unknown</database>
	</source>
	<size>
		<width>220</width>
		<height>220</height>
		<depth>3</depth>
	</size>
	<segmented>0</segmented>
	<object>
		<name>cat</name>
		<pose>Unspecified</pose>
		<truncated>0</truncated>
		<difficult>0</difficult>
		<bndbox>
			<xmin>76</xmin>
			<ymin>12</ymin>
			<xmax>155</xmax>
			<ymax>79</ymax>
		</bndbox>
	</object>
</annotation>
