<annotation>
	<folder>grey cat - Bing images</folder>
	<filename>4774e1d4638d8b5f771e3a11333985cf--charcoal-grey-cats.jpg</filename>
	<path>D:\dataset\grey cat - Bing images\4774e1d4638d8b5f771e3a11333985cf--charcoal-grey-cats.jpg</path>
	<source>
		<database>Unknown</database>
	</source>
	<size>
		<width>220</width>
		<height>220</height>
		<depth>3</depth>
	</size>
	<segmented>0</segmented>
	<object>
		<name>cat</name>
		<pose>Unspecified</pose>
		<truncated>0</truncated>
		<difficult>0</difficult>
		<bndbox>
			<xmin>43</xmin>
			<ymin>51</ymin>
			<xmax>87</xmax>
			<ymax>98</ymax>
		</bndbox>
	</object>
</annotation>
