<annotation>
	<folder>white cat - Bing images</folder>
	<filename>4843123641_7e22388381_o.jpg</filename>
	<path>D:\dataset\white cat - Bing images\4843123641_7e22388381_o.jpg</path>
	<source>
		<database>Unknown</database>
	</source>
	<size>
		<width>220</width>
		<height>220</height>
		<depth>3</depth>
	</size>
	<segmented>0</segmented>
	<object>
		<name>cat</name>
		<pose>Unspecified</pose>
		<truncated>0</truncated>
		<difficult>0</difficult>
		<bndbox>
			<xmin>69</xmin>
			<ymin>42</ymin>
			<xmax>112</xmax>
			<ymax>102</ymax>
		</bndbox>
	</object>
</annotation>
