<annotation>
	<folder>grey cat - Bing images</folder>
	<filename>4982501754_81ef9f69da_b-5c49ff3346e0fb0001245dff.jpg</filename>
	<path>D:\dataset\grey cat - Bing images\4982501754_81ef9f69da_b-5c49ff3346e0fb0001245dff.jpg</path>
	<source>
		<database>Unknown</database>
	</source>
	<size>
		<width>220</width>
		<height>220</height>
		<depth>3</depth>
	</size>
	<segmented>0</segmented>
	<object>
		<name>cat</name>
		<pose>Unspecified</pose>
		<truncated>0</truncated>
		<difficult>0</difficult>
		<bndbox>
			<xmin>37</xmin>
			<ymin>20</ymin>
			<xmax>181</xmax>
			<ymax>189</ymax>
		</bndbox>
	</object>
</annotation>
