<annotation>
	<folder>white cat - Bing images</folder>
	<filename>55b6f259-e31a-4d8f-8a91-50e43ad54498.jpg</filename>
	<path>D:\dataset\white cat - Bing images\55b6f259-e31a-4d8f-8a91-50e43ad54498.jpg</path>
	<source>
		<database>Unknown</database>
	</source>
	<size>
		<width>220</width>
		<height>220</height>
		<depth>3</depth>
	</size>
	<segmented>0</segmented>
	<object>
		<name>cat</name>
		<pose>Unspecified</pose>
		<truncated>0</truncated>
		<difficult>0</difficult>
		<bndbox>
			<xmin>55</xmin>
			<ymin>8</ymin>
			<xmax>154</xmax>
			<ymax>105</ymax>
		</bndbox>
	</object>
</annotation>
