<annotation>
	<folder>grey cat - Bing images</folder>
	<filename>5ba3aaa2745713cc5833607b3eea6f27.jpg</filename>
	<path>D:\dataset\grey cat - Bing images\5ba3aaa2745713cc5833607b3eea6f27.jpg</path>
	<source>
		<database>Unknown</database>
	</source>
	<size>
		<width>220</width>
		<height>220</height>
		<depth>3</depth>
	</size>
	<segmented>0</segmented>
	<object>
		<name>cat</name>
		<pose>Unspecified</pose>
		<truncated>0</truncated>
		<difficult>0</difficult>
		<bndbox>
			<xmin>12</xmin>
			<ymin>7</ymin>
			<xmax>123</xmax>
			<ymax>147</ymax>
		</bndbox>
	</object>
</annotation>
