<annotation>
	<folder>white cat - Bing images</folder>
	<filename>5d-diamond-painting-white-cat-with-blue-eyes-kit-6601732128871_1024x1024.jpg</filename>
	<path>D:\dataset\white cat - Bing images\5d-diamond-painting-white-cat-with-blue-eyes-kit-6601732128871_1024x1024.jpg</path>
	<source>
		<database>Unknown</database>
	</source>
	<size>
		<width>220</width>
		<height>220</height>
		<depth>3</depth>
	</size>
	<segmented>0</segmented>
	<object>
		<name>cat</name>
		<pose>Unspecified</pose>
		<truncated>0</truncated>
		<difficult>0</difficult>
		<bndbox>
			<xmin>32</xmin>
			<ymin>54</ymin>
			<xmax>191</xmax>
			<ymax>190</ymax>
		</bndbox>
	</object>
</annotation>
