<annotation>
	<folder>grey cat - Bing images</folder>
	<filename>5db8a96d54da6.image.png</filename>
	<path>D:\dataset\grey cat - Bing images\5db8a96d54da6.image.png</path>
	<source>
		<database>Unknown</database>
	</source>
	<size>
		<width>220</width>
		<height>220</height>
		<depth>3</depth>
	</size>
	<segmented>0</segmented>
	<object>
		<name>cat</name>
		<pose>Unspecified</pose>
		<truncated>0</truncated>
		<difficult>0</difficult>
		<bndbox>
			<xmin>108</xmin>
			<ymin>7</ymin>
			<xmax>168</xmax>
			<ymax>65</ymax>
		</bndbox>
	</object>
</annotation>
