<annotation>
	<folder>white cat - Bing images</folder>
	<filename>63670f59-834e-418d-8631-c41541f8eea7.jpg</filename>
	<path>D:\dataset\white cat - Bing images\63670f59-834e-418d-8631-c41541f8eea7.jpg</path>
	<source>
		<database>Unknown</database>
	</source>
	<size>
		<width>220</width>
		<height>220</height>
		<depth>3</depth>
	</size>
	<segmented>0</segmented>
	<object>
		<name>cat</name>
		<pose>Unspecified</pose>
		<truncated>0</truncated>
		<difficult>0</difficult>
		<bndbox>
			<xmin>55</xmin>
			<ymin>50</ymin>
			<xmax>149</xmax>
			<ymax>130</ymax>
		</bndbox>
	</object>
</annotation>
