<annotation>
	<folder>cat head images - Bing images</folder>
	<filename>718483.jpg</filename>
	<path>D:\dataset\cat head images - Bing images\718483.jpg</path>
	<source>
		<database>Unknown</database>
	</source>
	<size>
		<width>220</width>
		<height>220</height>
		<depth>3</depth>
	</size>
	<segmented>0</segmented>
	<object>
		<name>cat</name>
		<pose>Unspecified</pose>
		<truncated>0</truncated>
		<difficult>0</difficult>
		<bndbox>
			<xmin>41</xmin>
			<ymin>50</ymin>
			<xmax>185</xmax>
			<ymax>191</ymax>
		</bndbox>
	</object>
</annotation>
