<annotation>
	<folder>grey cat - Bing images</folder>
	<filename>72718c827ed9da3ba2f3d1ba23df5019.jpg</filename>
	<path>D:\dataset\grey cat - Bing images\72718c827ed9da3ba2f3d1ba23df5019.jpg</path>
	<source>
		<database>Unknown</database>
	</source>
	<size>
		<width>220</width>
		<height>220</height>
		<depth>3</depth>
	</size>
	<segmented>0</segmented>
	<object>
		<name>cat</name>
		<pose>Unspecified</pose>
		<truncated>0</truncated>
		<difficult>0</difficult>
		<bndbox>
			<xmin>41</xmin>
			<ymin>74</ymin>
			<xmax>104</xmax>
			<ymax>124</ymax>
		</bndbox>
	</object>
</annotation>
