<annotation>
	<folder>white cat - Bing images</folder>
	<filename>7a020492-79e2-4f3a-a70a-27efbbf42403.jpg</filename>
	<path>D:\dataset\white cat - Bing images\7a020492-79e2-4f3a-a70a-27efbbf42403.jpg</path>
	<source>
		<database>Unknown</database>
	</source>
	<size>
		<width>220</width>
		<height>220</height>
		<depth>3</depth>
	</size>
	<segmented>0</segmented>
	<object>
		<name>cat</name>
		<pose>Unspecified</pose>
		<truncated>0</truncated>
		<difficult>0</difficult>
		<bndbox>
			<xmin>63</xmin>
			<ymin>26</ymin>
			<xmax>134</xmax>
			<ymax>100</ymax>
		</bndbox>
	</object>
</annotation>
