<annotation>
	<folder>white cat - Bing images</folder>
	<filename>7a39743a62444a76a9735a0adf2c92d3.jpg</filename>
	<path>D:\dataset\white cat - Bing images\7a39743a62444a76a9735a0adf2c92d3.jpg</path>
	<source>
		<database>Unknown</database>
	</source>
	<size>
		<width>220</width>
		<height>220</height>
		<depth>3</depth>
	</size>
	<segmented>0</segmented>
	<object>
		<name>cat</name>
		<pose>Unspecified</pose>
		<truncated>0</truncated>
		<difficult>0</difficult>
		<bndbox>
			<xmin>58</xmin>
			<ymin>44</ymin>
			<xmax>128</xmax>
			<ymax>99</ymax>
		</bndbox>
	</object>
</annotation>
