<annotation>
	<folder>white cat - Bing images</folder>
	<filename>7a920b92d1fc05cf7cea5f7c4d168725.jpg</filename>
	<path>D:\dataset\white cat - Bing images\7a920b92d1fc05cf7cea5f7c4d168725.jpg</path>
	<source>
		<database>Unknown</database>
	</source>
	<size>
		<width>220</width>
		<height>220</height>
		<depth>3</depth>
	</size>
	<segmented>0</segmented>
	<object>
		<name>cat</name>
		<pose>Unspecified</pose>
		<truncated>0</truncated>
		<difficult>0</difficult>
		<bndbox>
			<xmin>100</xmin>
			<ymin>34</ymin>
			<xmax>173</xmax>
			<ymax>104</ymax>
		</bndbox>
	</object>
</annotation>
