<annotation>
	<folder>cat head images - Bing images</folder>
	<filename>7Bawd7zTFJTpoW1uDEOjJDTvuC4OJyPKIQR0zTb9YWU.jpg</filename>
	<path>D:\dataset\cat head images - Bing images\7Bawd7zTFJTpoW1uDEOjJDTvuC4OJyPKIQR0zTb9YWU.jpg</path>
	<source>
		<database>Unknown</database>
	</source>
	<size>
		<width>220</width>
		<height>220</height>
		<depth>3</depth>
	</size>
	<segmented>0</segmented>
	<object>
		<name>cat</name>
		<pose>Unspecified</pose>
		<truncated>0</truncated>
		<difficult>0</difficult>
		<bndbox>
			<xmin>33</xmin>
			<ymin>9</ymin>
			<xmax>192</xmax>
			<ymax>174</ymax>
		</bndbox>
	</object>
</annotation>
