<annotation>
	<folder>cat head images - Bing images</folder>
	<filename>7d4a974647f16e91fea2323d59bee353.jpg</filename>
	<path>D:\dataset\cat head images - Bing images\7d4a974647f16e91fea2323d59bee353.jpg</path>
	<source>
		<database>Unknown</database>
	</source>
	<size>
		<width>220</width>
		<height>220</height>
		<depth>3</depth>
	</size>
	<segmented>0</segmented>
	<object>
		<name>cat</name>
		<pose>Unspecified</pose>
		<truncated>0</truncated>
		<difficult>0</difficult>
		<bndbox>
			<xmin>12</xmin>
			<ymin>43</ymin>
			<xmax>203</xmax>
			<ymax>189</ymax>
		</bndbox>
	</object>
</annotation>
