<annotation>
	<folder>white cat - Bing images</folder>
	<filename>8017480579_e46323c41a_z.jpg</filename>
	<path>D:\dataset\white cat - Bing images\8017480579_e46323c41a_z.jpg</path>
	<source>
		<database>Unknown</database>
	</source>
	<size>
		<width>220</width>
		<height>220</height>
		<depth>3</depth>
	</size>
	<segmented>0</segmented>
	<object>
		<name>cat</name>
		<pose>Unspecified</pose>
		<truncated>0</truncated>
		<difficult>0</difficult>
		<bndbox>
			<xmin>145</xmin>
			<ymin>47</ymin>
			<xmax>210</xmax>
			<ymax>96</ymax>
		</bndbox>
	</object>
</annotation>
