<annotation>
	<folder>grey cat - Bing images</folder>
	<filename>8110287d-5c75-403f-816d-57b78e9082f3.jpg</filename>
	<path>D:\dataset\grey cat - Bing images\8110287d-5c75-403f-816d-57b78e9082f3.jpg</path>
	<source>
		<database>Unknown</database>
	</source>
	<size>
		<width>220</width>
		<height>220</height>
		<depth>3</depth>
	</size>
	<segmented>0</segmented>
	<object>
		<name>cat</name>
		<pose>Unspecified</pose>
		<truncated>0</truncated>
		<difficult>0</difficult>
		<bndbox>
			<xmin>134</xmin>
			<ymin>49</ymin>
			<xmax>193</xmax>
			<ymax>99</ymax>
		</bndbox>
	</object>
</annotation>
