<annotation>
	<folder>grey cat - Bing images</folder>
	<filename>8da6a48a53aabdd5b5d5c85eda44aaf6.jpg</filename>
	<path>D:\dataset\grey cat - Bing images\8da6a48a53aabdd5b5d5c85eda44aaf6.jpg</path>
	<source>
		<database>Unknown</database>
	</source>
	<size>
		<width>220</width>
		<height>220</height>
		<depth>3</depth>
	</size>
	<segmented>0</segmented>
	<object>
		<name>cat</name>
		<pose>Unspecified</pose>
		<truncated>0</truncated>
		<difficult>0</difficult>
		<bndbox>
			<xmin>93</xmin>
			<ymin>40</ymin>
			<xmax>187</xmax>
			<ymax>144</ymax>
		</bndbox>
	</object>
</annotation>
