<annotation>
	<folder>white cat - Bing images</folder>
	<filename>8dd8a1c3171cb4407019008252a90fcd.jpg</filename>
	<path>D:\dataset\white cat - Bing images\8dd8a1c3171cb4407019008252a90fcd.jpg</path>
	<source>
		<database>Unknown</database>
	</source>
	<size>
		<width>220</width>
		<height>220</height>
		<depth>3</depth>
	</size>
	<segmented>0</segmented>
	<object>
		<name>cat</name>
		<pose>Unspecified</pose>
		<truncated>0</truncated>
		<difficult>0</difficult>
		<bndbox>
			<xmin>80</xmin>
			<ymin>62</ymin>
			<xmax>138</xmax>
			<ymax>117</ymax>
		</bndbox>
	</object>
</annotation>
