<annotation>
	<folder>white cat - Bing images</folder>
	<filename>8fbff977-f9f3-48fa-8dff-7a2d10d1f8b9.jpg</filename>
	<path>D:\dataset\white cat - Bing images\8fbff977-f9f3-48fa-8dff-7a2d10d1f8b9.jpg</path>
	<source>
		<database>Unknown</database>
	</source>
	<size>
		<width>220</width>
		<height>220</height>
		<depth>3</depth>
	</size>
	<segmented>0</segmented>
	<object>
		<name>cat</name>
		<pose>Unspecified</pose>
		<truncated>0</truncated>
		<difficult>0</difficult>
		<bndbox>
			<xmin>80</xmin>
			<ymin>66</ymin>
			<xmax>146</xmax>
			<ymax>140</ymax>
		</bndbox>
	</object>
</annotation>
