<annotation>
	<folder>grey cat - Bing images</folder>
	<filename>8UoCJX_obIFM1PS_8qFuXWniNIU89ihDyxZzos5qNfwddLxJdxILfJCbdvsWu3F0pWJnOgX6qSNOMVZflYcbPSdUFizXz89V774u.jpg</filename>
	<path>D:\dataset\grey cat - Bing images\8UoCJX_obIFM1PS_8qFuXWniNIU89ihDyxZzos5qNfwddLxJdxILfJCbdvsWu3F0pWJnOgX6qSNOMVZflYcbPSdUFizXz89V774u.jpg</path>
	<source>
		<database>Unknown</database>
	</source>
	<size>
		<width>220</width>
		<height>220</height>
		<depth>3</depth>
	</size>
	<segmented>0</segmented>
	<object>
		<name>cat</name>
		<pose>Unspecified</pose>
		<truncated>0</truncated>
		<difficult>0</difficult>
		<bndbox>
			<xmin>80</xmin>
			<ymin>14</ymin>
			<xmax>140</xmax>
			<ymax>85</ymax>
		</bndbox>
	</object>
</annotation>
