<annotation>
	<folder>white cat - Bing images</folder>
	<filename>90966edf48902a408772a1d940fe99ed.jpg</filename>
	<path>D:\dataset\white cat - Bing images\90966edf48902a408772a1d940fe99ed.jpg</path>
	<source>
		<database>Unknown</database>
	</source>
	<size>
		<width>220</width>
		<height>220</height>
		<depth>3</depth>
	</size>
	<segmented>0</segmented>
	<object>
		<name>cat</name>
		<pose>Unspecified</pose>
		<truncated>0</truncated>
		<difficult>0</difficult>
		<bndbox>
			<xmin>70</xmin>
			<ymin>58</ymin>
			<xmax>137</xmax>
			<ymax>105</ymax>
		</bndbox>
	</object>
</annotation>
