<annotation>
	<folder>white cat - Bing images</folder>
	<filename>94399157-0f38-49f6-ae74-0196f151a223.jpg</filename>
	<path>D:\dataset\white cat - Bing images\94399157-0f38-49f6-ae74-0196f151a223.jpg</path>
	<source>
		<database>Unknown</database>
	</source>
	<size>
		<width>220</width>
		<height>220</height>
		<depth>3</depth>
	</size>
	<segmented>0</segmented>
	<object>
		<name>cat</name>
		<pose>Unspecified</pose>
		<truncated>0</truncated>
		<difficult>0</difficult>
		<bndbox>
			<xmin>55</xmin>
			<ymin>25</ymin>
			<xmax>186</xmax>
			<ymax>137</ymax>
		</bndbox>
	</object>
</annotation>
