<annotation>
	<folder>grey cat - Bing images</folder>
	<filename>962610e4d631ca341969c00062453837--pretty-cats-beautiful-cats.jpg</filename>
	<path>D:\dataset\grey cat - Bing images\962610e4d631ca341969c00062453837--pretty-cats-beautiful-cats.jpg</path>
	<source>
		<database>Unknown</database>
	</source>
	<size>
		<width>220</width>
		<height>220</height>
		<depth>3</depth>
	</size>
	<segmented>0</segmented>
	<object>
		<name>cat</name>
		<pose>Unspecified</pose>
		<truncated>0</truncated>
		<difficult>0</difficult>
		<bndbox>
			<xmin>103</xmin>
			<ymin>37</ymin>
			<xmax>178</xmax>
			<ymax>86</ymax>
		</bndbox>
	</object>
</annotation>
