<annotation>
	<folder>white cat - Bing images</folder>
	<filename>__86 (1).jpg</filename>
	<path>D:\dataset\white cat - Bing images\__86 (1).jpg</path>
	<source>
		<database>Unknown</database>
	</source>
	<size>
		<width>220</width>
		<height>220</height>
		<depth>3</depth>
	</size>
	<segmented>0</segmented>
	<object>
		<name>cat</name>
		<pose>Unspecified</pose>
		<truncated>0</truncated>
		<difficult>0</difficult>
		<bndbox>
			<xmin>51</xmin>
			<ymin>20</ymin>
			<xmax>149</xmax>
			<ymax>103</ymax>
		</bndbox>
	</object>
</annotation>
