<annotation>
	<folder>cat head images - Bing images</folder>
	<filename>A-Drawing-of-a-Cat-Head.jpg</filename>
	<path>D:\dataset\cat head images - Bing images\A-Drawing-of-a-Cat-Head.jpg</path>
	<source>
		<database>Unknown</database>
	</source>
	<size>
		<width>220</width>
		<height>220</height>
		<depth>3</depth>
	</size>
	<segmented>0</segmented>
	<object>
		<name>cat</name>
		<pose>Unspecified</pose>
		<truncated>0</truncated>
		<difficult>0</difficult>
		<bndbox>
			<xmin>38</xmin>
			<ymin>51</ymin>
			<xmax>186</xmax>
			<ymax>178</ymax>
		</bndbox>
	</object>
</annotation>
