<annotation>
	<folder>white cat - Bing images</folder>
	<filename>a09ec350-29d9-49e6-9a46-e85056115a87.jpg</filename>
	<path>D:\dataset\white cat - Bing images\a09ec350-29d9-49e6-9a46-e85056115a87.jpg</path>
	<source>
		<database>Unknown</database>
	</source>
	<size>
		<width>220</width>
		<height>220</height>
		<depth>3</depth>
	</size>
	<segmented>0</segmented>
	<object>
		<name>cat</name>
		<pose>Unspecified</pose>
		<truncated>0</truncated>
		<difficult>0</difficult>
		<bndbox>
			<xmin>34</xmin>
			<ymin>10</ymin>
			<xmax>134</xmax>
			<ymax>113</ymax>
		</bndbox>
	</object>
</annotation>
