<annotation>
	<folder>grey cat - Bing images</folder>
	<filename>a9e854c08ea9e050a35e751f10838c5a.jpg</filename>
	<path>D:\dataset\grey cat - Bing images\a9e854c08ea9e050a35e751f10838c5a.jpg</path>
	<source>
		<database>Unknown</database>
	</source>
	<size>
		<width>220</width>
		<height>220</height>
		<depth>3</depth>
	</size>
	<segmented>0</segmented>
	<object>
		<name>cat</name>
		<pose>Unspecified</pose>
		<truncated>0</truncated>
		<difficult>0</difficult>
		<bndbox>
			<xmin>61</xmin>
			<ymin>102</ymin>
			<xmax>163</xmax>
			<ymax>175</ymax>
		</bndbox>
	</object>
</annotation>
