<annotation>
	<folder>grey cat - Bing images</folder>
	<filename>American-Wirehair-grey-cat-25-1024x768.jpeg</filename>
	<path>D:\dataset\grey cat - Bing images\American-Wirehair-grey-cat-25-1024x768.jpeg</path>
	<source>
		<database>Unknown</database>
	</source>
	<size>
		<width>220</width>
		<height>220</height>
		<depth>3</depth>
	</size>
	<segmented>0</segmented>
	<object>
		<name>cat</name>
		<pose>Unspecified</pose>
		<truncated>0</truncated>
		<difficult>0</difficult>
		<bndbox>
			<xmin>44</xmin>
			<ymin>43</ymin>
			<xmax>105</xmax>
			<ymax>109</ymax>
		</bndbox>
	</object>
</annotation>
