<annotation>
	<folder>white cat - Bing images</folder>
	<filename>Animals___Cats_Beautiful_white_cat_lying_on_the_couch_044410_30.jpg</filename>
	<path>D:\dataset\white cat - Bing images\Animals___Cats_Beautiful_white_cat_lying_on_the_couch_044410_30.jpg</path>
	<source>
		<database>Unknown</database>
	</source>
	<size>
		<width>220</width>
		<height>220</height>
		<depth>3</depth>
	</size>
	<segmented>0</segmented>
	<object>
		<name>cat</name>
		<pose>Unspecified</pose>
		<truncated>0</truncated>
		<difficult>0</difficult>
		<bndbox>
			<xmin>41</xmin>
			<ymin>31</ymin>
			<xmax>194</xmax>
			<ymax>132</ymax>
		</bndbox>
	</object>
</annotation>
