<annotation>
	<folder>white cat - Bing images</folder>
	<filename>b7d634a4-94c0-4bb2-8178-8eeb6b617409.jpg</filename>
	<path>D:\dataset\white cat - Bing images\b7d634a4-94c0-4bb2-8178-8eeb6b617409.jpg</path>
	<source>
		<database>Unknown</database>
	</source>
	<size>
		<width>220</width>
		<height>220</height>
		<depth>3</depth>
	</size>
	<segmented>0</segmented>
	<object>
		<name>cat</name>
		<pose>Unspecified</pose>
		<truncated>0</truncated>
		<difficult>0</difficult>
		<bndbox>
			<xmin>131</xmin>
			<ymin>29</ymin>
			<xmax>177</xmax>
			<ymax>81</ymax>
		</bndbox>
	</object>
</annotation>
