<annotation>
	<folder>grey cat - Bing images</folder>
	<filename>ba157ed9658d5d68ba0b52adeae2cfc2.jpg</filename>
	<path>D:\dataset\grey cat - Bing images\ba157ed9658d5d68ba0b52adeae2cfc2.jpg</path>
	<source>
		<database>Unknown</database>
	</source>
	<size>
		<width>220</width>
		<height>220</height>
		<depth>3</depth>
	</size>
	<segmented>0</segmented>
	<object>
		<name>cat</name>
		<pose>Unspecified</pose>
		<truncated>0</truncated>
		<difficult>0</difficult>
		<bndbox>
			<xmin>44</xmin>
			<ymin>36</ymin>
			<xmax>162</xmax>
			<ymax>143</ymax>
		</bndbox>
	</object>
</annotation>
