<annotation>
	<folder>grey cat - Bing images</folder>
	<filename>BDB43878-7DF5-42C8-BE45-6CA50EACE99D.jpeg</filename>
	<path>D:\dataset\grey cat - Bing images\BDB43878-7DF5-42C8-BE45-6CA50EACE99D.jpeg</path>
	<source>
		<database>Unknown</database>
	</source>
	<size>
		<width>220</width>
		<height>220</height>
		<depth>3</depth>
	</size>
	<segmented>0</segmented>
	<object>
		<name>cat</name>
		<pose>Unspecified</pose>
		<truncated>0</truncated>
		<difficult>0</difficult>
		<bndbox>
			<xmin>36</xmin>
			<ymin>85</ymin>
			<xmax>127</xmax>
			<ymax>174</ymax>
		</bndbox>
	</object>
</annotation>
