<annotation>
	<folder>grey cat - Bing images</folder>
	<filename>beautiful-fluffy-gray-cat-yellow-eyes-40213771.jpg</filename>
	<path>D:\dataset\grey cat - Bing images\beautiful-fluffy-gray-cat-yellow-eyes-40213771.jpg</path>
	<source>
		<database>Unknown</database>
	</source>
	<size>
		<width>220</width>
		<height>220</height>
		<depth>3</depth>
	</size>
	<segmented>0</segmented>
	<object>
		<name>cat</name>
		<pose>Unspecified</pose>
		<truncated>0</truncated>
		<difficult>0</difficult>
		<bndbox>
			<xmin>92</xmin>
			<ymin>38</ymin>
			<xmax>174</xmax>
			<ymax>138</ymax>
		</bndbox>
	</object>
</annotation>
