<annotation>
	<folder>white cat - Bing images</folder>
	<filename>beautiful-fluffy-gray-white-cat-portrait-133038054.jpg</filename>
	<path>D:\dataset\white cat - Bing images\beautiful-fluffy-gray-white-cat-portrait-133038054.jpg</path>
	<source>
		<database>Unknown</database>
	</source>
	<size>
		<width>220</width>
		<height>220</height>
		<depth>3</depth>
	</size>
	<segmented>0</segmented>
	<object>
		<name>cat</name>
		<pose>Unspecified</pose>
		<truncated>0</truncated>
		<difficult>0</difficult>
		<bndbox>
			<xmin>65</xmin>
			<ymin>31</ymin>
			<xmax>139</xmax>
			<ymax>130</ymax>
		</bndbox>
	</object>
</annotation>
