<annotation>
	<folder>white cat - Bing images</folder>
	<filename>Beautiful_White_Cute_Cat_wallpaper22014.jpg</filename>
	<path>D:\dataset\white cat - Bing images\Beautiful_White_Cute_Cat_wallpaper22014.jpg</path>
	<source>
		<database>Unknown</database>
	</source>
	<size>
		<width>220</width>
		<height>220</height>
		<depth>3</depth>
	</size>
	<segmented>0</segmented>
	<object>
		<name>cat</name>
		<pose>Unspecified</pose>
		<truncated>0</truncated>
		<difficult>0</difficult>
		<bndbox>
			<xmin>71</xmin>
			<ymin>44</ymin>
			<xmax>159</xmax>
			<ymax>162</ymax>
		</bndbox>
	</object>
</annotation>
