<annotation>
	<folder>grey cat - Bing images</folder>
	<filename>beautiful_joe.JPG</filename>
	<path>D:\dataset\grey cat - Bing images\beautiful_joe.JPG</path>
	<source>
		<database>Unknown</database>
	</source>
	<size>
		<width>220</width>
		<height>220</height>
		<depth>3</depth>
	</size>
	<segmented>0</segmented>
	<object>
		<name>cat</name>
		<pose>Unspecified</pose>
		<truncated>0</truncated>
		<difficult>0</difficult>
		<bndbox>
			<xmin>75</xmin>
			<ymin>32</ymin>
			<xmax>178</xmax>
			<ymax>92</ymax>
		</bndbox>
	</object>
</annotation>
