<annotation>
	<folder>grey cat - Bing images</folder>
	<filename>big-gray-cat-poses-front-camera-48572223.jpg</filename>
	<path>D:\dataset\grey cat - Bing images\big-gray-cat-poses-front-camera-48572223.jpg</path>
	<source>
		<database>Unknown</database>
	</source>
	<size>
		<width>220</width>
		<height>220</height>
		<depth>3</depth>
	</size>
	<segmented>0</segmented>
	<object>
		<name>cat</name>
		<pose>Unspecified</pose>
		<truncated>0</truncated>
		<difficult>0</difficult>
		<bndbox>
			<xmin>11</xmin>
			<ymin>13</ymin>
			<xmax>211</xmax>
			<ymax>175</ymax>
		</bndbox>
	</object>
</annotation>
