<annotation>
	<folder>grey cat - Bing images</folder>
	<filename>british-grey-cat-12796665.jpg</filename>
	<path>D:\dataset\grey cat - Bing images\british-grey-cat-12796665.jpg</path>
	<source>
		<database>Unknown</database>
	</source>
	<size>
		<width>220</width>
		<height>220</height>
		<depth>3</depth>
	</size>
	<segmented>0</segmented>
	<object>
		<name>cat</name>
		<pose>Unspecified</pose>
		<truncated>0</truncated>
		<difficult>0</difficult>
		<bndbox>
			<xmin>71</xmin>
			<ymin>22</ymin>
			<xmax>161</xmax>
			<ymax>148</ymax>
		</bndbox>
	</object>
</annotation>
