<annotation>
	<folder>white cat - Bing images</folder>
	<filename>brown-and-white-cat-sitting-beside-of-glass-window-during-daytime-photo-scaled_Resized.png</filename>
	<path>D:\dataset\white cat - Bing images\brown-and-white-cat-sitting-beside-of-glass-window-during-daytime-photo-scaled_Resized.png</path>
	<source>
		<database>Unknown</database>
	</source>
	<size>
		<width>220</width>
		<height>220</height>
		<depth>3</depth>
	</size>
	<segmented>0</segmented>
	<object>
		<name>cat</name>
		<pose>Unspecified</pose>
		<truncated>0</truncated>
		<difficult>0</difficult>
		<bndbox>
			<xmin>73</xmin>
			<ymin>18</ymin>
			<xmax>158</xmax>
			<ymax>79</ymax>
		</bndbox>
	</object>
</annotation>
