<annotation>
	<folder>cat head images - Bing images</folder>
	<filename>C0033057-Cat_s_head.jpg</filename>
	<path>D:\dataset\cat head images - Bing images\C0033057-Cat_s_head.jpg</path>
	<source>
		<database>Unknown</database>
	</source>
	<size>
		<width>220</width>
		<height>220</height>
		<depth>3</depth>
	</size>
	<segmented>0</segmented>
	<object>
		<name>cat</name>
		<pose>Unspecified</pose>
		<truncated>0</truncated>
		<difficult>0</difficult>
		<bndbox>
			<xmin>20</xmin>
			<ymin>14</ymin>
			<xmax>197</xmax>
			<ymax>190</ymax>
		</bndbox>
	</object>
</annotation>
