<annotation>
	<folder>white cat - Bing images</folder>
	<filename>c116a4a1fa0bcf114c9367d4c868288e.jpg</filename>
	<path>D:\dataset\white cat - Bing images\c116a4a1fa0bcf114c9367d4c868288e.jpg</path>
	<source>
		<database>Unknown</database>
	</source>
	<size>
		<width>220</width>
		<height>220</height>
		<depth>3</depth>
	</size>
	<segmented>0</segmented>
	<object>
		<name>cat</name>
		<pose>Unspecified</pose>
		<truncated>0</truncated>
		<difficult>0</difficult>
		<bndbox>
			<xmin>73</xmin>
			<ymin>42</ymin>
			<xmax>165</xmax>
			<ymax>109</ymax>
		</bndbox>
	</object>
</annotation>
