<annotation>
	<folder>cat images - Google Search</folder>
	<filename>Cat shampoos that will keep your furry....jpg</filename>
	<path>D:\dataset\cat images - Google Search\Cat shampoos that will keep your furry....jpg</path>
	<source>
		<database>Unknown</database>
	</source>
	<size>
		<width>220</width>
		<height>220</height>
		<depth>3</depth>
	</size>
	<segmented>0</segmented>
	<object>
		<name>bottle</name>
		<pose>Unspecified</pose>
		<truncated>0</truncated>
		<difficult>0</difficult>
		<bndbox>
			<xmin>80</xmin>
			<ymin>41</ymin>
			<xmax>166</xmax>
			<ymax>162</ymax>
		</bndbox>
	</object>
</annotation>
