<annotation>
	<folder>cat head images - Bing images</folder>
	<filename>cat-1750215_1280-1080x675.jpg</filename>
	<path>D:\dataset\cat head images - Bing images\cat-1750215_1280-1080x675.jpg</path>
	<source>
		<database>Unknown</database>
	</source>
	<size>
		<width>220</width>
		<height>220</height>
		<depth>3</depth>
	</size>
	<segmented>0</segmented>
	<object>
		<name>cat</name>
		<pose>Unspecified</pose>
		<truncated>0</truncated>
		<difficult>0</difficult>
		<bndbox>
			<xmin>44</xmin>
			<ymin>15</ymin>
			<xmax>188</xmax>
			<ymax>196</ymax>
		</bndbox>
	</object>
</annotation>
