<annotation>
	<folder>white cat - Bing images</folder>
	<filename>cat-breed-foreign-white-pet-elegant-oriental-blue-eyes-slender-sociable-playful-home-animal-mammal-s.jpg</filename>
	<path>D:\dataset\white cat - Bing images\cat-breed-foreign-white-pet-elegant-oriental-blue-eyes-slender-sociable-playful-home-animal-mammal-s.jpg</path>
	<source>
		<database>Unknown</database>
	</source>
	<size>
		<width>220</width>
		<height>220</height>
		<depth>3</depth>
	</size>
	<segmented>0</segmented>
	<object>
		<name>cat</name>
		<pose>Unspecified</pose>
		<truncated>0</truncated>
		<difficult>0</difficult>
		<bndbox>
			<xmin>71</xmin>
			<ymin>46</ymin>
			<xmax>146</xmax>
			<ymax>170</ymax>
		</bndbox>
	</object>
</annotation>
