<annotation>
	<folder>cat head images - Bing images</folder>
	<filename>Cat-Cat_Guide-A_Siberian_Cat_with_a_hypoallergenic_coat_balancing_a_leaf_on_its_head.jpg</filename>
	<path>D:\dataset\cat head images - Bing images\Cat-Cat_Guide-A_Siberian_Cat_with_a_hypoallergenic_coat_balancing_a_leaf_on_its_head.jpg</path>
	<source>
		<database>Unknown</database>
	</source>
	<size>
		<width>220</width>
		<height>220</height>
		<depth>3</depth>
	</size>
	<segmented>0</segmented>
	<object>
		<name>cat</name>
		<pose>Unspecified</pose>
		<truncated>0</truncated>
		<difficult>0</difficult>
		<bndbox>
			<xmin>101</xmin>
			<ymin>46</ymin>
			<xmax>152</xmax>
			<ymax>96</ymax>
		</bndbox>
	</object>
</annotation>
