<annotation>
	<folder>white cat - Bing images</folder>
	<filename>cat-on-white-background-american-images-inc (1).jpg</filename>
	<path>D:\dataset\white cat - Bing images\cat-on-white-background-american-images-inc (1).jpg</path>
	<source>
		<database>Unknown</database>
	</source>
	<size>
		<width>220</width>
		<height>220</height>
		<depth>3</depth>
	</size>
	<segmented>0</segmented>
	<object>
		<name>cat</name>
		<pose>Unspecified</pose>
		<truncated>0</truncated>
		<difficult>0</difficult>
		<bndbox>
			<xmin>46</xmin>
			<ymin>70</ymin>
			<xmax>167</xmax>
			<ymax>168</ymax>
		</bndbox>
	</object>
</annotation>
