<annotation>
	<folder>white cat - Bing images</folder>
	<filename>cat-7-4.jpg</filename>
	<path>D:\dataset\white cat - Bing images\cat-7-4.jpg</path>
	<source>
		<database>Unknown</database>
	</source>
	<size>
		<width>220</width>
		<height>220</height>
		<depth>3</depth>
	</size>
	<segmented>0</segmented>
	<object>
		<name>cat</name>
		<pose>Unspecified</pose>
		<truncated>0</truncated>
		<difficult>0</difficult>
		<bndbox>
			<xmin>82</xmin>
			<ymin>19</ymin>
			<xmax>174</xmax>
			<ymax>95</ymax>
		</bndbox>
	</object>
</annotation>
