<annotation>
	<folder>grey cat - Bing images</folder>
	<filename>cat-feline-pet-kitten-53134-large.jpeg</filename>
	<path>D:\dataset\grey cat - Bing images\cat-feline-pet-kitten-53134-large.jpeg</path>
	<source>
		<database>Unknown</database>
	</source>
	<size>
		<width>220</width>
		<height>220</height>
		<depth>3</depth>
	</size>
	<segmented>0</segmented>
	<object>
		<name>cat</name>
		<pose>Unspecified</pose>
		<truncated>0</truncated>
		<difficult>0</difficult>
		<bndbox>
			<xmin>37</xmin>
			<ymin>35</ymin>
			<xmax>188</xmax>
			<ymax>178</ymax>
		</bndbox>
	</object>
</annotation>
