<annotation>
	<folder>cat head images - Bing images</folder>
	<filename>cat-head-tilt-vestibular-disorder-disease1111.jpg</filename>
	<path>D:\dataset\cat head images - Bing images\cat-head-tilt-vestibular-disorder-disease1111.jpg</path>
	<source>
		<database>Unknown</database>
	</source>
	<size>
		<width>220</width>
		<height>220</height>
		<depth>3</depth>
	</size>
	<segmented>0</segmented>
	<object>
		<name>cat</name>
		<pose>Unspecified</pose>
		<truncated>0</truncated>
		<difficult>0</difficult>
		<bndbox>
			<xmin>44</xmin>
			<ymin>44</ymin>
			<xmax>161</xmax>
			<ymax>154</ymax>
		</bndbox>
	</object>
</annotation>
