<annotation>
	<folder>white cat - Bing images</folder>
	<filename>Cat-Cat_Guide-A_close_up_of_a_grey_and_white_cats_long_whiskers.jpg</filename>
	<path>D:\dataset\white cat - Bing images\Cat-Cat_Guide-A_close_up_of_a_grey_and_white_cats_long_whiskers.jpg</path>
	<source>
		<database>Unknown</database>
	</source>
	<size>
		<width>220</width>
		<height>220</height>
		<depth>3</depth>
	</size>
	<segmented>0</segmented>
	<object>
		<name>cat</name>
		<pose>Unspecified</pose>
		<truncated>0</truncated>
		<difficult>0</difficult>
		<bndbox>
			<xmin>47</xmin>
			<ymin>63</ymin>
			<xmax>176</xmax>
			<ymax>203</ymax>
		</bndbox>
	</object>
</annotation>
