<annotation>
	<folder>white cat - Bing images</folder>
	<filename>cat_tabby_feline_look_black_and_white-1043906.jpg</filename>
	<path>D:\dataset\white cat - Bing images\cat_tabby_feline_look_black_and_white-1043906.jpg</path>
	<source>
		<database>Unknown</database>
	</source>
	<size>
		<width>220</width>
		<height>220</height>
		<depth>1</depth>
	</size>
	<segmented>0</segmented>
	<object>
		<name>cat</name>
		<pose>Unspecified</pose>
		<truncated>0</truncated>
		<difficult>0</difficult>
		<bndbox>
			<xmin>17</xmin>
			<ymin>7</ymin>
			<xmax>208</xmax>
			<ymax>195</ymax>
		</bndbox>
	</object>
</annotation>
