<annotation>
	<folder>grey cat - Bing images</folder>
	<filename>cdc7a4e7af4842d3dd2d13512ed5fc79.jpg</filename>
	<path>D:\dataset\grey cat - Bing images\cdc7a4e7af4842d3dd2d13512ed5fc79.jpg</path>
	<source>
		<database>Unknown</database>
	</source>
	<size>
		<width>220</width>
		<height>220</height>
		<depth>3</depth>
	</size>
	<segmented>0</segmented>
	<object>
		<name>cat</name>
		<pose>Unspecified</pose>
		<truncated>0</truncated>
		<difficult>0</difficult>
		<bndbox>
			<xmin>46</xmin>
			<ymin>27</ymin>
			<xmax>125</xmax>
			<ymax>89</ymax>
		</bndbox>
	</object>
</annotation>
