<annotation>
	<folder>white cat - Bing images</folder>
	<filename>closeup-white-cat-with-heterochromia-eyes-on-gray-sergey-taran.jpg</filename>
	<path>D:\dataset\white cat - Bing images\closeup-white-cat-with-heterochromia-eyes-on-gray-sergey-taran.jpg</path>
	<source>
		<database>Unknown</database>
	</source>
	<size>
		<width>220</width>
		<height>220</height>
		<depth>3</depth>
	</size>
	<segmented>0</segmented>
	<object>
		<name>cat</name>
		<pose>Unspecified</pose>
		<truncated>0</truncated>
		<difficult>0</difficult>
		<bndbox>
			<xmin>62</xmin>
			<ymin>52</ymin>
			<xmax>157</xmax>
			<ymax>197</ymax>
		</bndbox>
	</object>
</annotation>
