<annotation>
	<folder>cat head images - Bing images</folder>
	<filename>close-up-of-cat-head-picture-id145637814.jpg</filename>
	<path>D:\dataset\cat head images - Bing images\close-up-of-cat-head-picture-id145637814.jpg</path>
	<source>
		<database>Unknown</database>
	</source>
	<size>
		<width>220</width>
		<height>220</height>
		<depth>3</depth>
	</size>
	<segmented>0</segmented>
	<object>
		<name>cat</name>
		<pose>Unspecified</pose>
		<truncated>0</truncated>
		<difficult>0</difficult>
		<bndbox>
			<xmin>62</xmin>
			<ymin>29</ymin>
			<xmax>197</xmax>
			<ymax>139</ymax>
		</bndbox>
	</object>
</annotation>
