<annotation>
	<folder>white cat - Bing images</folder>
	<filename>coby-the-cat-1.jpg</filename>
	<path>D:\dataset\white cat - Bing images\coby-the-cat-1.jpg</path>
	<source>
		<database>Unknown</database>
	</source>
	<size>
		<width>220</width>
		<height>220</height>
		<depth>3</depth>
	</size>
	<segmented>0</segmented>
	<object>
		<name>cat</name>
		<pose>Unspecified</pose>
		<truncated>0</truncated>
		<difficult>0</difficult>
		<bndbox>
			<xmin>30</xmin>
			<ymin>47</ymin>
			<xmax>101</xmax>
			<ymax>115</ymax>
		</bndbox>
	</object>
</annotation>
