<annotation>
	<folder>cat images - Google Search</folder>
	<filename>Coronavirus_ Cat owners fear pets will....jpg</filename>
	<path>D:\dataset\cat images - Google Search\Coronavirus_ Cat owners fear pets will....jpg</path>
	<source>
		<database>Unknown</database>
	</source>
	<size>
		<width>220</width>
		<height>220</height>
		<depth>3</depth>
	</size>
	<segmented>0</segmented>
	<object>
		<name>bottle</name>
		<pose>Unspecified</pose>
		<truncated>0</truncated>
		<difficult>0</difficult>
		<bndbox>
			<xmin>64</xmin>
			<ymin>32</ymin>
			<xmax>138</xmax>
			<ymax>124</ymax>
		</bndbox>
	</object>
</annotation>
