<annotation>
	<folder>cat images - Google Search</folder>
	<filename>Covid_ Scientists find more evidence of....jpg</filename>
	<path>D:\dataset\cat images - Google Search\Covid_ Scientists find more evidence of....jpg</path>
	<source>
		<database>Unknown</database>
	</source>
	<size>
		<width>220</width>
		<height>220</height>
		<depth>3</depth>
	</size>
	<segmented>0</segmented>
	<object>
		<name>bottle</name>
		<pose>Unspecified</pose>
		<truncated>0</truncated>
		<difficult>0</difficult>
		<bndbox>
			<xmin>100</xmin>
			<ymin>63</ymin>
			<xmax>213</xmax>
			<ymax>199</ymax>
		</bndbox>
	</object>
</annotation>
