<annotation>
	<folder>white cat - Bing images</folder>
	<filename>cross-eyed-white-kitty-2.JPG</filename>
	<path>D:\dataset\white cat - Bing images\cross-eyed-white-kitty-2.JPG</path>
	<source>
		<database>Unknown</database>
	</source>
	<size>
		<width>220</width>
		<height>220</height>
		<depth>3</depth>
	</size>
	<segmented>0</segmented>
	<object>
		<name>cat</name>
		<pose>Unspecified</pose>
		<truncated>0</truncated>
		<difficult>0</difficult>
		<bndbox>
			<xmin>68</xmin>
			<ymin>31</ymin>
			<xmax>176</xmax>
			<ymax>173</ymax>
		</bndbox>
	</object>
</annotation>
