<annotation>
	<folder>grey cat - Bing images</folder>
	<filename>cute-funny-tabby-gray-cat-cute-funny-tabby-gray-cat-domestic-animal-113246949.jpg</filename>
	<path>D:\dataset\grey cat - Bing images\cute-funny-tabby-gray-cat-cute-funny-tabby-gray-cat-domestic-animal-113246949.jpg</path>
	<source>
		<database>Unknown</database>
	</source>
	<size>
		<width>220</width>
		<height>220</height>
		<depth>3</depth>
	</size>
	<segmented>0</segmented>
	<object>
		<name>cat</name>
		<pose>Unspecified</pose>
		<truncated>0</truncated>
		<difficult>0</difficult>
		<bndbox>
			<xmin>58</xmin>
			<ymin>33</ymin>
			<xmax>102</xmax>
			<ymax>89</ymax>
		</bndbox>
	</object>
</annotation>
