<annotation>
	<folder>grey cat - Bing images</folder>
	<filename>cute-grey-cat-laying-on-the-sofa-michal-bednarek.jpg</filename>
	<path>D:\dataset\grey cat - Bing images\cute-grey-cat-laying-on-the-sofa-michal-bednarek.jpg</path>
	<source>
		<database>Unknown</database>
	</source>
	<size>
		<width>220</width>
		<height>220</height>
		<depth>3</depth>
	</size>
	<segmented>0</segmented>
	<object>
		<name>cat</name>
		<pose>Unspecified</pose>
		<truncated>0</truncated>
		<difficult>0</difficult>
		<bndbox>
			<xmin>53</xmin>
			<ymin>40</ymin>
			<xmax>136</xmax>
			<ymax>145</ymax>
		</bndbox>
	</object>
</annotation>
