<annotation>
	<folder>cat head images - Bing images</folder>
	<filename>datnw9e-67fbd1a7-36c6-4326-9b92-45306a0a19f8.png</filename>
	<path>D:\dataset\cat head images - Bing images\datnw9e-67fbd1a7-36c6-4326-9b92-45306a0a19f8.png</path>
	<source>
		<database>Unknown</database>
	</source>
	<size>
		<width>220</width>
		<height>220</height>
		<depth>3</depth>
	</size>
	<segmented>0</segmented>
	<object>
		<name>cat</name>
		<pose>Unspecified</pose>
		<truncated>0</truncated>
		<difficult>0</difficult>
		<bndbox>
			<xmin>23</xmin>
			<ymin>42</ymin>
			<xmax>210</xmax>
			<ymax>201</ymax>
		</bndbox>
	</object>
</annotation>
