<annotation>
	<folder>white cat - Bing images</folder>
	<filename>depositphotos_95541600-stock-photo-white-russian-cat.jpg</filename>
	<path>D:\dataset\white cat - Bing images\depositphotos_95541600-stock-photo-white-russian-cat.jpg</path>
	<source>
		<database>Unknown</database>
	</source>
	<size>
		<width>220</width>
		<height>220</height>
		<depth>3</depth>
	</size>
	<segmented>0</segmented>
	<object>
		<name>cat</name>
		<pose>Unspecified</pose>
		<truncated>0</truncated>
		<difficult>0</difficult>
		<bndbox>
			<xmin>37</xmin>
			<ymin>43</ymin>
			<xmax>147</xmax>
			<ymax>126</ymax>
		</bndbox>
	</object>
</annotation>
