<annotation>
	<folder>grey cat - Bing images</folder>
	<filename>depositphotos_132592664-stock-photo-grey-tabby-cat.jpg</filename>
	<path>D:\dataset\grey cat - Bing images\depositphotos_132592664-stock-photo-grey-tabby-cat.jpg</path>
	<source>
		<database>Unknown</database>
	</source>
	<size>
		<width>220</width>
		<height>220</height>
		<depth>1</depth>
	</size>
	<segmented>0</segmented>
	<object>
		<name>cat</name>
		<pose>Unspecified</pose>
		<truncated>0</truncated>
		<difficult>0</difficult>
		<bndbox>
			<xmin>86</xmin>
			<ymin>36</ymin>
			<xmax>199</xmax>
			<ymax>207</ymax>
		</bndbox>
	</object>
</annotation>
