<annotation>
	<folder>cat head images - Bing images</folder>
	<filename>depositphotos_45371699-stock-photo-business-man-cat-head.jpg</filename>
	<path>D:\dataset\cat head images - Bing images\depositphotos_45371699-stock-photo-business-man-cat-head.jpg</path>
	<source>
		<database>Unknown</database>
	</source>
	<size>
		<width>220</width>
		<height>220</height>
		<depth>3</depth>
	</size>
	<segmented>0</segmented>
	<object>
		<name>cat</name>
		<pose>Unspecified</pose>
		<truncated>0</truncated>
		<difficult>0</difficult>
		<bndbox>
			<xmin>74</xmin>
			<ymin>60</ymin>
			<xmax>142</xmax>
			<ymax>121</ymax>
		</bndbox>
	</object>
</annotation>
