<annotation>
	<folder>cat head images - Bing images</folder>
	<filename>depositphotos_72437891-stock-photo-tabby-cat-head-profile-close.jpg</filename>
	<path>D:\dataset\cat head images - Bing images\depositphotos_72437891-stock-photo-tabby-cat-head-profile-close.jpg</path>
	<source>
		<database>Unknown</database>
	</source>
	<size>
		<width>220</width>
		<height>220</height>
		<depth>3</depth>
	</size>
	<segmented>0</segmented>
	<object>
		<name>cat</name>
		<pose>Unspecified</pose>
		<truncated>0</truncated>
		<difficult>0</difficult>
		<bndbox>
			<xmin>10</xmin>
			<ymin>23</ymin>
			<xmax>145</xmax>
			<ymax>192</ymax>
		</bndbox>
	</object>
</annotation>
