<annotation>
	<folder>grey cat - Bing images</folder>
	<filename>depositphotos_5687687-stock-photo-grey-cat.jpg</filename>
	<path>D:\dataset\grey cat - Bing images\depositphotos_5687687-stock-photo-grey-cat.jpg</path>
	<source>
		<database>Unknown</database>
	</source>
	<size>
		<width>220</width>
		<height>220</height>
		<depth>3</depth>
	</size>
	<segmented>0</segmented>
	<object>
		<name>cat</name>
		<pose>Unspecified</pose>
		<truncated>0</truncated>
		<difficult>0</difficult>
		<bndbox>
			<xmin>111</xmin>
			<ymin>19</ymin>
			<xmax>175</xmax>
			<ymax>86</ymax>
		</bndbox>
	</object>
</annotation>
