<annotation>
	<folder>grey cat - Bing images</folder>
	<filename>e0d87aeb-43d7-4e0a-8e09-1cfa16fe4bbf.jpg</filename>
	<path>D:\dataset\grey cat - Bing images\e0d87aeb-43d7-4e0a-8e09-1cfa16fe4bbf.jpg</path>
	<source>
		<database>Unknown</database>
	</source>
	<size>
		<width>220</width>
		<height>220</height>
		<depth>3</depth>
	</size>
	<segmented>0</segmented>
	<object>
		<name>cat</name>
		<pose>Unspecified</pose>
		<truncated>0</truncated>
		<difficult>0</difficult>
		<bndbox>
			<xmin>36</xmin>
			<ymin>11</ymin>
			<xmax>102</xmax>
			<ymax>92</ymax>
		</bndbox>
	</object>
</annotation>
