<annotation>
	<folder>white cat - Bing images</folder>
	<filename>e33c493ab99a1ae1f8957731e4858620.jpg</filename>
	<path>D:\dataset\white cat - Bing images\e33c493ab99a1ae1f8957731e4858620.jpg</path>
	<source>
		<database>Unknown</database>
	</source>
	<size>
		<width>220</width>
		<height>220</height>
		<depth>3</depth>
	</size>
	<segmented>0</segmented>
	<object>
		<name>cat</name>
		<pose>Unspecified</pose>
		<truncated>0</truncated>
		<difficult>0</difficult>
		<bndbox>
			<xmin>164</xmin>
			<ymin>21</ymin>
			<xmax>208</xmax>
			<ymax>99</ymax>
		</bndbox>
	</object>
</annotation>
