<annotation>
	<folder>grey cat - Bing images</folder>
	<filename>ed60bf6f83fca2c5a486fe9749a236bf--nebelung.jpg</filename>
	<path>D:\dataset\grey cat - Bing images\ed60bf6f83fca2c5a486fe9749a236bf--nebelung.jpg</path>
	<source>
		<database>Unknown</database>
	</source>
	<size>
		<width>220</width>
		<height>220</height>
		<depth>3</depth>
	</size>
	<segmented>0</segmented>
	<object>
		<name>cat</name>
		<pose>Unspecified</pose>
		<truncated>0</truncated>
		<difficult>0</difficult>
		<bndbox>
			<xmin>80</xmin>
			<ymin>45</ymin>
			<xmax>188</xmax>
			<ymax>130</ymax>
		</bndbox>
	</object>
</annotation>
