<annotation>
	<folder>cat head images - Bing images</folder>
	<filename>english-siamese-cat-head-profile-espanol-gato-siames-cabeza.jpg</filename>
	<path>D:\dataset\cat head images - Bing images\english-siamese-cat-head-profile-espanol-gato-siames-cabeza.jpg</path>
	<source>
		<database>Unknown</database>
	</source>
	<size>
		<width>220</width>
		<height>220</height>
		<depth>3</depth>
	</size>
	<segmented>0</segmented>
	<object>
		<name>cat</name>
		<pose>Unspecified</pose>
		<truncated>0</truncated>
		<difficult>0</difficult>
		<bndbox>
			<xmin>38</xmin>
			<ymin>48</ymin>
			<xmax>147</xmax>
			<ymax>165</ymax>
		</bndbox>
	</object>
</annotation>
