<annotation>
	<folder>white cat - Bing images</folder>
	<filename>f0991ea2-ed09-443e-a516-c484ed4cdd24.jpg</filename>
	<path>D:\dataset\white cat - Bing images\f0991ea2-ed09-443e-a516-c484ed4cdd24.jpg</path>
	<source>
		<database>Unknown</database>
	</source>
	<size>
		<width>220</width>
		<height>220</height>
		<depth>3</depth>
	</size>
	<segmented>0</segmented>
	<object>
		<name>cat</name>
		<pose>Unspecified</pose>
		<truncated>0</truncated>
		<difficult>0</difficult>
		<bndbox>
			<xmin>25</xmin>
			<ymin>51</ymin>
			<xmax>108</xmax>
			<ymax>114</ymax>
		</bndbox>
	</object>
</annotation>
