<annotation>
	<folder>grey cat - Bing images</folder>
	<filename>F7854E05-D9F4-420B-9CC4-6F72926D27AB.jpeg</filename>
	<path>D:\dataset\grey cat - Bing images\F7854E05-D9F4-420B-9CC4-6F72926D27AB.jpeg</path>
	<source>
		<database>Unknown</database>
	</source>
	<size>
		<width>220</width>
		<height>220</height>
		<depth>3</depth>
	</size>
	<segmented>0</segmented>
	<object>
		<name>cat</name>
		<pose>Unspecified</pose>
		<truncated>0</truncated>
		<difficult>0</difficult>
		<bndbox>
			<xmin>154</xmin>
			<ymin>32</ymin>
			<xmax>209</xmax>
			<ymax>111</ymax>
		</bndbox>
	</object>
</annotation>
