<annotation>
	<folder>white cat - Bing images</folder>
	<filename>f9747a17-8c32-4142-81d8-c5ce481e5b2b.jpg</filename>
	<path>D:\dataset\white cat - Bing images\f9747a17-8c32-4142-81d8-c5ce481e5b2b.jpg</path>
	<source>
		<database>Unknown</database>
	</source>
	<size>
		<width>220</width>
		<height>220</height>
		<depth>3</depth>
	</size>
	<segmented>0</segmented>
	<object>
		<name>cat</name>
		<pose>Unspecified</pose>
		<truncated>0</truncated>
		<difficult>0</difficult>
		<bndbox>
			<xmin>76</xmin>
			<ymin>17</ymin>
			<xmax>140</xmax>
			<ymax>88</ymax>
		</bndbox>
	</object>
</annotation>
