<annotation>
	<folder>grey cat - Bing images</folder>
	<filename>FhHmohTDBT31WW6-aaV-61RbrbZDY8OzN5ZxsMmLIPQ.jpg</filename>
	<path>D:\dataset\grey cat - Bing images\FhHmohTDBT31WW6-aaV-61RbrbZDY8OzN5ZxsMmLIPQ.jpg</path>
	<source>
		<database>Unknown</database>
	</source>
	<size>
		<width>220</width>
		<height>220</height>
		<depth>3</depth>
	</size>
	<segmented>0</segmented>
	<object>
		<name>cat</name>
		<pose>Unspecified</pose>
		<truncated>0</truncated>
		<difficult>0</difficult>
		<bndbox>
			<xmin>103</xmin>
			<ymin>39</ymin>
			<xmax>178</xmax>
			<ymax>88</ymax>
		</bndbox>
	</object>
</annotation>
