<annotation>
	<folder>white cat - Bing images</folder>
	<filename>Fluffy-orange-guy.jpg</filename>
	<path>D:\dataset\white cat - Bing images\Fluffy-orange-guy.jpg</path>
	<source>
		<database>Unknown</database>
	</source>
	<size>
		<width>220</width>
		<height>220</height>
		<depth>3</depth>
	</size>
	<segmented>0</segmented>
	<object>
		<name>cat</name>
		<pose>Unspecified</pose>
		<truncated>0</truncated>
		<difficult>0</difficult>
		<bndbox>
			<xmin>70</xmin>
			<ymin>45</ymin>
			<xmax>163</xmax>
			<ymax>150</ymax>
		</bndbox>
	</object>
</annotation>
