<annotation>
	<folder>grey cat - Bing images</folder>
	<filename>FUCFtS87XB-XIrRrtTcSVFFfcRhk59LWwnCrT4g3bgnMsR3JUytebHcn54iMzgREALRb0kTvClD3k_WHohs1zhH2qxmuR9aSOsMF.jpg</filename>
	<path>D:\dataset\grey cat - Bing images\FUCFtS87XB-XIrRrtTcSVFFfcRhk59LWwnCrT4g3bgnMsR3JUytebHcn54iMzgREALRb0kTvClD3k_WHohs1zhH2qxmuR9aSOsMF.jpg</path>
	<source>
		<database>Unknown</database>
	</source>
	<size>
		<width>220</width>
		<height>220</height>
		<depth>3</depth>
	</size>
	<segmented>0</segmented>
	<object>
		<name>cat</name>
		<pose>Unspecified</pose>
		<truncated>0</truncated>
		<difficult>0</difficult>
		<bndbox>
			<xmin>20</xmin>
			<ymin>47</ymin>
			<xmax>160</xmax>
			<ymax>219</ymax>
		</bndbox>
	</object>
</annotation>
