<annotation>
	<folder>white cat - Bing images</folder>
	<filename>funny-cat-pics-animal-white-pics-http3A2F2Fwww.findcatnames.com2Fwp-content2Fuploads2F20162F072Fblack-and-white-cat-names-4.jpg</filename>
	<path>D:\dataset\white cat - Bing images\funny-cat-pics-animal-white-pics-http3A2F2Fwww.findcatnames.com2Fwp-content2Fuploads2F20162F072Fblack-and-white-cat-names-4.jpg</path>
	<source>
		<database>Unknown</database>
	</source>
	<size>
		<width>220</width>
		<height>220</height>
		<depth>3</depth>
	</size>
	<segmented>0</segmented>
	<object>
		<name>cat</name>
		<pose>Unspecified</pose>
		<truncated>0</truncated>
		<difficult>0</difficult>
		<bndbox>
			<xmin>93</xmin>
			<ymin>43</ymin>
			<xmax>176</xmax>
			<ymax>165</ymax>
		</bndbox>
	</object>
</annotation>
