<annotation>
	<folder>white cat - Bing images</folder>
	<filename>funny-cat-pics-animal-white-pics-https3A2F2Fthumbs.dreamstime.com2Fz2Fportrait-white-funny-cat-indoors-32318036.jpg</filename>
	<path>D:\dataset\white cat - Bing images\funny-cat-pics-animal-white-pics-https3A2F2Fthumbs.dreamstime.com2Fz2Fportrait-white-funny-cat-indoors-32318036.jpg</path>
	<source>
		<database>Unknown</database>
	</source>
	<size>
		<width>220</width>
		<height>220</height>
		<depth>3</depth>
	</size>
	<segmented>0</segmented>
	<object>
		<name>cat</name>
		<pose>Unspecified</pose>
		<truncated>0</truncated>
		<difficult>0</difficult>
		<bndbox>
			<xmin>23</xmin>
			<ymin>43</ymin>
			<xmax>159</xmax>
			<ymax>158</ymax>
		</bndbox>
	</object>
</annotation>
