<annotation>
	<folder>grey cat - Bing images</folder>
	<filename>furry-grey-cat-sitting-on-the-floor-michal-bednarek.jpg</filename>
	<path>D:\dataset\grey cat - Bing images\furry-grey-cat-sitting-on-the-floor-michal-bednarek.jpg</path>
	<source>
		<database>Unknown</database>
	</source>
	<size>
		<width>220</width>
		<height>220</height>
		<depth>3</depth>
	</size>
	<segmented>0</segmented>
	<object>
		<name>cat</name>
		<pose>Unspecified</pose>
		<truncated>0</truncated>
		<difficult>0</difficult>
		<bndbox>
			<xmin>72</xmin>
			<ymin>47</ymin>
			<xmax>144</xmax>
			<ymax>93</ymax>
		</bndbox>
	</object>
</annotation>
