<annotation>
	<folder>white cat - Bing images</folder>
	<filename>GHC230W-Realistic-White-Cat-with-Real-Fur-1024x766.jpg</filename>
	<path>D:\dataset\white cat - Bing images\GHC230W-Realistic-White-Cat-with-Real-Fur-1024x766.jpg</path>
	<source>
		<database>Unknown</database>
	</source>
	<size>
		<width>220</width>
		<height>220</height>
		<depth>3</depth>
	</size>
	<segmented>0</segmented>
	<object>
		<name>cat</name>
		<pose>Unspecified</pose>
		<truncated>0</truncated>
		<difficult>0</difficult>
		<bndbox>
			<xmin>36</xmin>
			<ymin>33</ymin>
			<xmax>79</xmax>
			<ymax>88</ymax>
		</bndbox>
	</object>
</annotation>
