<annotation>
	<folder>cat head images - Bing images</folder>
	<filename>giant-cat-head-4.jpg</filename>
	<path>D:\dataset\cat head images - Bing images\giant-cat-head-4.jpg</path>
	<source>
		<database>Unknown</database>
	</source>
	<size>
		<width>220</width>
		<height>220</height>
		<depth>3</depth>
	</size>
	<segmented>0</segmented>
	<object>
		<name>cat</name>
		<pose>Unspecified</pose>
		<truncated>0</truncated>
		<difficult>0</difficult>
		<bndbox>
			<xmin>57</xmin>
			<ymin>32</ymin>
			<xmax>160</xmax>
			<ymax>161</ymax>
		</bndbox>
	</object>
</annotation>
