<annotation>
	<folder>white cat - Bing images</folder>
	<filename>ginger-and-white-tabby-cat-sitting-on-the-ground-outside-DX5J1N.jpg</filename>
	<path>D:\dataset\white cat - Bing images\ginger-and-white-tabby-cat-sitting-on-the-ground-outside-DX5J1N.jpg</path>
	<source>
		<database>Unknown</database>
	</source>
	<size>
		<width>220</width>
		<height>220</height>
		<depth>3</depth>
	</size>
	<segmented>0</segmented>
	<object>
		<name>cat</name>
		<pose>Unspecified</pose>
		<truncated>0</truncated>
		<difficult>0</difficult>
		<bndbox>
			<xmin>136</xmin>
			<ymin>24</ymin>
			<xmax>192</xmax>
			<ymax>69</ymax>
		</bndbox>
	</object>
</annotation>
