<annotation>
	<folder>grey cat - Bing images</folder>
	<filename>gray-tabby-tux-cat-chriss-pagani.jpg</filename>
	<path>D:\dataset\grey cat - Bing images\gray-tabby-tux-cat-chriss-pagani.jpg</path>
	<source>
		<database>Unknown</database>
	</source>
	<size>
		<width>220</width>
		<height>220</height>
		<depth>3</depth>
	</size>
	<segmented>0</segmented>
	<object>
		<name>cat</name>
		<pose>Unspecified</pose>
		<truncated>0</truncated>
		<difficult>0</difficult>
		<bndbox>
			<xmin>56</xmin>
			<ymin>39</ymin>
			<xmax>196</xmax>
			<ymax>201</ymax>
		</bndbox>
	</object>
</annotation>
