<annotation>
	<folder>grey cat - Bing images</folder>
	<filename>gray-cat-with-yellow-eyes-cosmin-constantin-sava.jpg</filename>
	<path>D:\dataset\grey cat - Bing images\gray-cat-with-yellow-eyes-cosmin-constantin-sava.jpg</path>
	<source>
		<database>Unknown</database>
	</source>
	<size>
		<width>220</width>
		<height>220</height>
		<depth>3</depth>
	</size>
	<segmented>0</segmented>
	<object>
		<name>cat</name>
		<pose>Unspecified</pose>
		<truncated>0</truncated>
		<difficult>0</difficult>
		<bndbox>
			<xmin>60</xmin>
			<ymin>39</ymin>
			<xmax>167</xmax>
			<ymax>177</ymax>
		</bndbox>
	</object>
</annotation>
