<annotation>
	<folder>grey cat - Bing images</folder>
	<filename>grey-striped-cat-names.jpg</filename>
	<path>D:\dataset\grey cat - Bing images\grey-striped-cat-names.jpg</path>
	<source>
		<database>Unknown</database>
	</source>
	<size>
		<width>220</width>
		<height>220</height>
		<depth>3</depth>
	</size>
	<segmented>0</segmented>
	<object>
		<name>cat</name>
		<pose>Unspecified</pose>
		<truncated>0</truncated>
		<difficult>0</difficult>
		<bndbox>
			<xmin>85</xmin>
			<ymin>32</ymin>
			<xmax>181</xmax>
			<ymax>137</ymax>
		</bndbox>
	</object>
</annotation>
