<annotation>
	<folder>grey cat - Bing images</folder>
	<filename>grey-tabby-kitten.jpg</filename>
	<path>D:\dataset\grey cat - Bing images\grey-tabby-kitten.jpg</path>
	<source>
		<database>Unknown</database>
	</source>
	<size>
		<width>220</width>
		<height>220</height>
		<depth>3</depth>
	</size>
	<segmented>0</segmented>
	<object>
		<name>cat</name>
		<pose>Unspecified</pose>
		<truncated>0</truncated>
		<difficult>0</difficult>
		<bndbox>
			<xmin>67</xmin>
			<ymin>16</ymin>
			<xmax>174</xmax>
			<ymax>95</ymax>
		</bndbox>
	</object>
</annotation>
