<annotation>
	<folder>grey cat - Bing images</folder>
	<filename>grey-tabby-cat-4.jpg</filename>
	<path>D:\dataset\grey cat - Bing images\grey-tabby-cat-4.jpg</path>
	<source>
		<database>Unknown</database>
	</source>
	<size>
		<width>220</width>
		<height>220</height>
		<depth>3</depth>
	</size>
	<segmented>0</segmented>
	<object>
		<name>cat</name>
		<pose>Unspecified</pose>
		<truncated>0</truncated>
		<difficult>0</difficult>
		<bndbox>
			<xmin>54</xmin>
			<ymin>47</ymin>
			<xmax>167</xmax>
			<ymax>150</ymax>
		</bndbox>
	</object>
</annotation>
