<annotation>
	<folder>grey cat - Bing images</folder>
	<filename>grey-cat-7.jpg</filename>
	<path>D:\dataset\grey cat - Bing images\grey-cat-7.jpg</path>
	<source>
		<database>Unknown</database>
	</source>
	<size>
		<width>220</width>
		<height>220</height>
		<depth>3</depth>
	</size>
	<segmented>0</segmented>
	<object>
		<name>cat</name>
		<pose>Unspecified</pose>
		<truncated>0</truncated>
		<difficult>0</difficult>
		<bndbox>
			<xmin>63</xmin>
			<ymin>34</ymin>
			<xmax>164</xmax>
			<ymax>140</ymax>
		</bndbox>
	</object>
</annotation>
