<annotation>
	<folder>cat head images - Bing images</folder>
	<filename>high-angle-portrait-of-a-cat-683851923-5ad0ac471d640400392fe28d.jpg</filename>
	<path>D:\dataset\cat head images - Bing images\high-angle-portrait-of-a-cat-683851923-5ad0ac471d640400392fe28d.jpg</path>
	<source>
		<database>Unknown</database>
	</source>
	<size>
		<width>220</width>
		<height>220</height>
		<depth>3</depth>
	</size>
	<segmented>0</segmented>
	<object>
		<name>cat</name>
		<pose>Unspecified</pose>
		<truncated>0</truncated>
		<difficult>0</difficult>
		<bndbox>
			<xmin>52</xmin>
			<ymin>22</ymin>
			<xmax>150</xmax>
			<ymax>174</ymax>
		</bndbox>
	</object>
</annotation>
