<annotation>
	<folder>cat images - Google Search</folder>
	<filename>Human Genomes Are Surprisingly Cat-Like....jpg</filename>
	<path>D:\dataset\cat images - Google Search\Human Genomes Are Surprisingly Cat-Like....jpg</path>
	<source>
		<database>Unknown</database>
	</source>
	<size>
		<width>220</width>
		<height>220</height>
		<depth>3</depth>
	</size>
	<segmented>0</segmented>
	<object>
		<name>bottle</name>
		<pose>Unspecified</pose>
		<truncated>0</truncated>
		<difficult>0</difficult>
		<bndbox>
			<xmin>27</xmin>
			<ymin>8</ymin>
			<xmax>196</xmax>
			<ymax>192</ymax>
		</bndbox>
	</object>
</annotation>
