<annotation>
	<folder>cat head images - Bing images</folder>
	<filename>illustration-of-portrait-british-short-hair-cat-illustration-id485288882.jpg</filename>
	<path>D:\dataset\cat head images - Bing images\illustration-of-portrait-british-short-hair-cat-illustration-id485288882.jpg</path>
	<source>
		<database>Unknown</database>
	</source>
	<size>
		<width>220</width>
		<height>220</height>
		<depth>3</depth>
	</size>
	<segmented>0</segmented>
	<object>
		<name>cat</name>
		<pose>Unspecified</pose>
		<truncated>0</truncated>
		<difficult>0</difficult>
		<bndbox>
			<xmin>18</xmin>
			<ymin>26</ymin>
			<xmax>199</xmax>
			<ymax>181</ymax>
		</bndbox>
	</object>
</annotation>
