<annotation>
	<folder>cat head images - Bing images</folder>
	<filename>kat_cat_cute_face_head_meow_pets_nose-1334694.jpg</filename>
	<path>D:\dataset\cat head images - Bing images\kat_cat_cute_face_head_meow_pets_nose-1334694.jpg</path>
	<source>
		<database>Unknown</database>
	</source>
	<size>
		<width>220</width>
		<height>220</height>
		<depth>3</depth>
	</size>
	<segmented>0</segmented>
	<object>
		<name>cat</name>
		<pose>Unspecified</pose>
		<truncated>0</truncated>
		<difficult>0</difficult>
		<bndbox>
			<xmin>90</xmin>
			<ymin>4</ymin>
			<xmax>210</xmax>
			<ymax>203</ymax>
		</bndbox>
	</object>
</annotation>
