<annotation>
	<folder>grey cat - Bing images</folder>
	<filename>kojak-parmajpg-d6b2ea5a959f6652.png</filename>
	<path>D:\dataset\grey cat - Bing images\kojak-parmajpg-d6b2ea5a959f6652.png</path>
	<source>
		<database>Unknown</database>
	</source>
	<size>
		<width>0</width>
		<height>0</height>
		<depth>3</depth>
	</size>
	<segmented>0</segmented>
	<object>
		<name>cat</name>
		<pose>Unspecified</pose>
		<truncated>0</truncated>
		<difficult>0</difficult>
		<bndbox>
			<xmin>76</xmin>
			<ymin>25</ymin>
			<xmax>163</xmax>
			<ymax>90</ymax>
		</bndbox>
	</object>
</annotation>
