<annotation>
	<folder>grey cat - Bing images</folder>
	<filename>lead_960.jpg</filename>
	<path>D:\dataset\grey cat - Bing images\lead_960.jpg</path>
	<source>
		<database>Unknown</database>
	</source>
	<size>
		<width>220</width>
		<height>220</height>
		<depth>3</depth>
	</size>
	<segmented>0</segmented>
	<object>
		<name>cat</name>
		<pose>Unspecified</pose>
		<truncated>0</truncated>
		<difficult>0</difficult>
		<bndbox>
			<xmin>23</xmin>
			<ymin>31</ymin>
			<xmax>206</xmax>
			<ymax>204</ymax>
		</bndbox>
	</object>
</annotation>
