<annotation>
	<folder>grey cat - Bing images</folder>
	<filename>longhaired-orange-cat-on-gray-wooden-panel-photo-free-cat-image-on-unsplash-1581628670p4lc8.jpg</filename>
	<path>D:\dataset\grey cat - Bing images\longhaired-orange-cat-on-gray-wooden-panel-photo-free-cat-image-on-unsplash-1581628670p4lc8.jpg</path>
	<source>
		<database>Unknown</database>
	</source>
	<size>
		<width>220</width>
		<height>220</height>
		<depth>3</depth>
	</size>
	<segmented>0</segmented>
	<object>
		<name>cat</name>
		<pose>Unspecified</pose>
		<truncated>0</truncated>
		<difficult>0</difficult>
		<bndbox>
			<xmin>58</xmin>
			<ymin>35</ymin>
			<xmax>141</xmax>
			<ymax>91</ymax>
		</bndbox>
	</object>
</annotation>
