<annotation>
	<folder>white cat - Bing images</folder>
	<filename>ma3809-luscious-adult-male-tabby-white-cat-img2.jpg</filename>
	<path>D:\dataset\white cat - Bing images\ma3809-luscious-adult-male-tabby-white-cat-img2.jpg</path>
	<source>
		<database>Unknown</database>
	</source>
	<size>
		<width>220</width>
		<height>220</height>
		<depth>3</depth>
	</size>
	<segmented>0</segmented>
	<object>
		<name>cat</name>
		<pose>Unspecified</pose>
		<truncated>0</truncated>
		<difficult>0</difficult>
		<bndbox>
			<xmin>96</xmin>
			<ymin>31</ymin>
			<xmax>189</xmax>
			<ymax>119</ymax>
		</bndbox>
	</object>
</annotation>
