<annotation>
	<folder>white cat - Bing images</folder>
	<filename>main-qimg-9b537384b2d332d94bf17075a6ca2ceb.jpg</filename>
	<path>D:\dataset\white cat - Bing images\main-qimg-9b537384b2d332d94bf17075a6ca2ceb.jpg</path>
	<source>
		<database>Unknown</database>
	</source>
	<size>
		<width>220</width>
		<height>220</height>
		<depth>3</depth>
	</size>
	<segmented>0</segmented>
	<object>
		<name>cat</name>
		<pose>Unspecified</pose>
		<truncated>0</truncated>
		<difficult>0</difficult>
		<bndbox>
			<xmin>105</xmin>
			<ymin>64</ymin>
			<xmax>177</xmax>
			<ymax>130</ymax>
		</bndbox>
	</object>
</annotation>
