<annotation>
	<folder>grey cat - Bing images</folder>
	<filename>March-Volunteer-Information-Session-Header-1080x640-1080x640.jpg</filename>
	<path>D:\dataset\grey cat - Bing images\March-Volunteer-Information-Session-Header-1080x640-1080x640.jpg</path>
	<source>
		<database>Unknown</database>
	</source>
	<size>
		<width>220</width>
		<height>220</height>
		<depth>3</depth>
	</size>
	<segmented>0</segmented>
	<object>
		<name>cat</name>
		<pose>Unspecified</pose>
		<truncated>0</truncated>
		<difficult>0</difficult>
		<bndbox>
			<xmin>112</xmin>
			<ymin>25</ymin>
			<xmax>192</xmax>
			<ymax>130</ymax>
		</bndbox>
	</object>
</annotation>
