<annotation>
	<folder>cat images - Google Search</folder>
	<filename>Most people can_t read their cats faces....jpeg</filename>
	<path>D:\dataset\cat images - Google Search\Most people can_t read their cats faces....jpeg</path>
	<source>
		<database>Unknown</database>
	</source>
	<size>
		<width>220</width>
		<height>220</height>
		<depth>3</depth>
	</size>
	<segmented>0</segmented>
	<object>
		<name>bottle</name>
		<pose>Unspecified</pose>
		<truncated>0</truncated>
		<difficult>0</difficult>
		<bndbox>
			<xmin>58</xmin>
			<ymin>48</ymin>
			<xmax>167</xmax>
			<ymax>180</ymax>
		</bndbox>
	</object>
</annotation>
