<annotation>
	<folder>white cat - Bing images</folder>
	<filename>neo-lost-cat.jpg</filename>
	<path>D:\dataset\white cat - Bing images\neo-lost-cat.jpg</path>
	<source>
		<database>Unknown</database>
	</source>
	<size>
		<width>220</width>
		<height>220</height>
		<depth>3</depth>
	</size>
	<segmented>0</segmented>
	<object>
		<name>cat</name>
		<pose>Unspecified</pose>
		<truncated>0</truncated>
		<difficult>0</difficult>
		<bndbox>
			<xmin>50</xmin>
			<ymin>39</ymin>
			<xmax>115</xmax>
			<ymax>102</ymax>
		</bndbox>
	</object>
</annotation>
