<annotation>
	<folder>grey cat - Bing images</folder>
	<filename>Nilani-7.jpg</filename>
	<path>D:\dataset\grey cat - Bing images\Nilani-7.jpg</path>
	<source>
		<database>Unknown</database>
	</source>
	<size>
		<width>220</width>
		<height>220</height>
		<depth>3</depth>
	</size>
	<segmented>0</segmented>
	<object>
		<name>cat</name>
		<pose>Unspecified</pose>
		<truncated>0</truncated>
		<difficult>0</difficult>
		<bndbox>
			<xmin>67</xmin>
			<ymin>35</ymin>
			<xmax>189</xmax>
			<ymax>199</ymax>
		</bndbox>
	</object>
</annotation>
