<annotation>
	<folder>white cat - Bing images</folder>
	<filename>orange-eyed-red-mackerel-tabby-with-white-happy-cat-04.JPG</filename>
	<path>D:\dataset\white cat - Bing images\orange-eyed-red-mackerel-tabby-with-white-happy-cat-04.JPG</path>
	<source>
		<database>Unknown</database>
	</source>
	<size>
		<width>220</width>
		<height>220</height>
		<depth>3</depth>
	</size>
	<segmented>0</segmented>
	<object>
		<name>cat</name>
		<pose>Unspecified</pose>
		<truncated>0</truncated>
		<difficult>0</difficult>
		<bndbox>
			<xmin>101</xmin>
			<ymin>61</ymin>
			<xmax>161</xmax>
			<ymax>126</ymax>
		</bndbox>
	</object>
</annotation>
