<annotation>
	<folder>grey cat - Bing images</folder>
	<filename>p-cute-grey-kitten-mF3MvjOayk-1.jpg</filename>
	<path>D:\dataset\grey cat - Bing images\p-cute-grey-kitten-mF3MvjOayk-1.jpg</path>
	<source>
		<database>Unknown</database>
	</source>
	<size>
		<width>220</width>
		<height>220</height>
		<depth>3</depth>
	</size>
	<segmented>0</segmented>
	<object>
		<name>cat</name>
		<pose>Unspecified</pose>
		<truncated>0</truncated>
		<difficult>0</difficult>
		<bndbox>
			<xmin>33</xmin>
			<ymin>39</ymin>
			<xmax>192</xmax>
			<ymax>216</ymax>
		</bndbox>
	</object>
</annotation>
