<annotation>
	<folder>grey cat - Bing images</folder>
	<filename>P1010628.JPG</filename>
	<path>D:\dataset\grey cat - Bing images\P1010628.JPG</path>
	<source>
		<database>Unknown</database>
	</source>
	<size>
		<width>220</width>
		<height>220</height>
		<depth>3</depth>
	</size>
	<segmented>0</segmented>
	<object>
		<name>cat</name>
		<pose>Unspecified</pose>
		<truncated>0</truncated>
		<difficult>0</difficult>
		<bndbox>
			<xmin>127</xmin>
			<ymin>14</ymin>
			<xmax>198</xmax>
			<ymax>79</ymax>
		</bndbox>
	</object>
</annotation>
