<annotation>
	<folder>white cat - Bing images</folder>
	<filename>pet-animal-cute-white-cat-turkish-ankara-cat-pet-animal-cute-white-cat-turkish-ankara-cat-141359981.jpg</filename>
	<path>D:\dataset\white cat - Bing images\pet-animal-cute-white-cat-turkish-ankara-cat-pet-animal-cute-white-cat-turkish-ankara-cat-141359981.jpg</path>
	<source>
		<database>Unknown</database>
	</source>
	<size>
		<width>220</width>
		<height>220</height>
		<depth>3</depth>
	</size>
	<segmented>0</segmented>
	<object>
		<name>cat</name>
		<pose>Unspecified</pose>
		<truncated>0</truncated>
		<difficult>0</difficult>
		<bndbox>
			<xmin>58</xmin>
			<ymin>57</ymin>
			<xmax>138</xmax>
			<ymax>103</ymax>
		</bndbox>
	</object>
</annotation>
