<annotation>
	<folder>cat head images - Bing images</folder>
	<filename>pexels-photo-2645486.jpeg</filename>
	<path>D:\dataset\cat head images - Bing images\pexels-photo-2645486.jpeg</path>
	<source>
		<database>Unknown</database>
	</source>
	<size>
		<width>220</width>
		<height>220</height>
		<depth>3</depth>
	</size>
	<segmented>0</segmented>
	<object>
		<name>cat</name>
		<pose>Unspecified</pose>
		<truncated>0</truncated>
		<difficult>0</difficult>
		<bndbox>
			<xmin>45</xmin>
			<ymin>10</ymin>
			<xmax>155</xmax>
			<ymax>185</ymax>
		</bndbox>
	</object>
</annotation>
