<annotation>
	<folder>white cat - Bing images</folder>
	<filename>pexels-photo-157820.jpeg</filename>
	<path>D:\dataset\white cat - Bing images\pexels-photo-157820.jpeg</path>
	<source>
		<database>Unknown</database>
	</source>
	<size>
		<width>220</width>
		<height>220</height>
		<depth>3</depth>
	</size>
	<segmented>0</segmented>
	<object>
		<name>cat</name>
		<pose>Unspecified</pose>
		<truncated>0</truncated>
		<difficult>0</difficult>
		<bndbox>
			<xmin>88</xmin>
			<ymin>50</ymin>
			<xmax>167</xmax>
			<ymax>136</ymax>
		</bndbox>
	</object>
</annotation>
