<annotation>
	<folder>cat head images - Bing images</folder>
	<filename>photo-1585153690211-65f2d3dba1b4.jpg</filename>
	<path>D:\dataset\cat head images - Bing images\photo-1585153690211-65f2d3dba1b4.jpg</path>
	<source>
		<database>Unknown</database>
	</source>
	<size>
		<width>220</width>
		<height>220</height>
		<depth>3</depth>
	</size>
	<segmented>0</segmented>
	<object>
		<name>cat</name>
		<pose>Unspecified</pose>
		<truncated>0</truncated>
		<difficult>0</difficult>
		<bndbox>
			<xmin>48</xmin>
			<ymin>73</ymin>
			<xmax>157</xmax>
			<ymax>141</ymax>
		</bndbox>
	</object>
</annotation>
