<annotation>
	<folder>cat head images - Bing images</folder>
	<filename>png_cat_by_moonglowlilly-d5n7zqm.png</filename>
	<path>D:\dataset\cat head images - Bing images\png_cat_by_moonglowlilly-d5n7zqm.png</path>
	<source>
		<database>Unknown</database>
	</source>
	<size>
		<width>220</width>
		<height>220</height>
		<depth>3</depth>
	</size>
	<segmented>0</segmented>
	<object>
		<name>cat</name>
		<pose>Unspecified</pose>
		<truncated>0</truncated>
		<difficult>0</difficult>
		<bndbox>
			<xmin>139</xmin>
			<ymin>50</ymin>
			<xmax>187</xmax>
			<ymax>94</ymax>
		</bndbox>
	</object>
</annotation>
