<annotation>
	<folder>cat head images - Bing images</folder>
	<filename>pngtree-blue-eyes-elegant-cat-head-elements-png-image_4170134.jpg</filename>
	<path>D:\dataset\cat head images - Bing images\pngtree-blue-eyes-elegant-cat-head-elements-png-image_4170134.jpg</path>
	<source>
		<database>Unknown</database>
	</source>
	<size>
		<width>220</width>
		<height>220</height>
		<depth>3</depth>
	</size>
	<segmented>0</segmented>
	<object>
		<name>cat</name>
		<pose>Unspecified</pose>
		<truncated>0</truncated>
		<difficult>0</difficult>
		<bndbox>
			<xmin>35</xmin>
			<ymin>35</ymin>
			<xmax>182</xmax>
			<ymax>164</ymax>
		</bndbox>
	</object>
</annotation>
