<annotation>
	<folder>white cat - Bing images</folder>
	<filename>portrait-domestic-cat-white-color-with-big-eyes-white-cat-with-pink-nose-white-russian-breed-cats_15.jpg</filename>
	<path>D:\dataset\white cat - Bing images\portrait-domestic-cat-white-color-with-big-eyes-white-cat-with-pink-nose-white-russian-breed-cats_15.jpg</path>
	<source>
		<database>Unknown</database>
	</source>
	<size>
		<width>220</width>
		<height>220</height>
		<depth>3</depth>
	</size>
	<segmented>0</segmented>
	<object>
		<name>cat</name>
		<pose>Unspecified</pose>
		<truncated>0</truncated>
		<difficult>0</difficult>
		<bndbox>
			<xmin>44</xmin>
			<ymin>44</ymin>
			<xmax>142</xmax>
			<ymax>126</ymax>
		</bndbox>
	</object>
</annotation>
