<annotation>
	<folder>grey cat - Bing images</folder>
	<filename>portrait-grey-cat-british-breed-gray-close-up-natural-light-127565608.jpg</filename>
	<path>D:\dataset\grey cat - Bing images\portrait-grey-cat-british-breed-gray-close-up-natural-light-127565608.jpg</path>
	<source>
		<database>Unknown</database>
	</source>
	<size>
		<width>220</width>
		<height>220</height>
		<depth>3</depth>
	</size>
	<segmented>0</segmented>
	<object>
		<name>cat</name>
		<pose>Unspecified</pose>
		<truncated>0</truncated>
		<difficult>0</difficult>
		<bndbox>
			<xmin>54</xmin>
			<ymin>31</ymin>
			<xmax>169</xmax>
			<ymax>201</ymax>
		</bndbox>
	</object>
</annotation>
