<annotation>
	<folder>grey cat - Bing images</folder>
	<filename>portrait-grey-tiger-cat-green-eyes-domestic-cat-felis-silvestris-catus-subspecies-resulting-17638226.jpg</filename>
	<path>D:\dataset\grey cat - Bing images\portrait-grey-tiger-cat-green-eyes-domestic-cat-felis-silvestris-catus-subspecies-resulting-17638226.jpg</path>
	<source>
		<database>Unknown</database>
	</source>
	<size>
		<width>220</width>
		<height>220</height>
		<depth>3</depth>
	</size>
	<segmented>0</segmented>
	<object>
		<name>cat</name>
		<pose>Unspecified</pose>
		<truncated>0</truncated>
		<difficult>0</difficult>
		<bndbox>
			<xmin>55</xmin>
			<ymin>56</ymin>
			<xmax>132</xmax>
			<ymax>172</ymax>
		</bndbox>
	</object>
</annotation>
