<annotation>
	<folder>cat head images - Bing images</folder>
	<filename>portrait-head-profile-brown-cat-close-up-profile-portrait-head-brown-cat-yellow-eyes-lying-light-gre.jpg</filename>
	<path>D:\dataset\cat head images - Bing images\portrait-head-profile-brown-cat-close-up-profile-portrait-head-brown-cat-yellow-eyes-lying-light-gre.jpg</path>
	<source>
		<database>Unknown</database>
	</source>
	<size>
		<width>220</width>
		<height>220</height>
		<depth>3</depth>
	</size>
	<segmented>0</segmented>
	<object>
		<name>cat</name>
		<pose>Unspecified</pose>
		<truncated>0</truncated>
		<difficult>0</difficult>
		<bndbox>
			<xmin>7</xmin>
			<ymin>53</ymin>
			<xmax>148</xmax>
			<ymax>159</ymax>
		</bndbox>
	</object>
</annotation>
