<annotation>
	<folder>grey cat - Bing images</folder>
	<filename>q73tlLBoKcU8Ko3Ga7WMRJ8BoSPRnQJEvMWF4dcb.png</filename>
	<path>D:\dataset\grey cat - Bing images\q73tlLBoKcU8Ko3Ga7WMRJ8BoSPRnQJEvMWF4dcb.png</path>
	<source>
		<database>Unknown</database>
	</source>
	<size>
		<width>220</width>
		<height>220</height>
		<depth>3</depth>
	</size>
	<segmented>0</segmented>
	<object>
		<name>cat</name>
		<pose>Unspecified</pose>
		<truncated>0</truncated>
		<difficult>0</difficult>
		<bndbox>
			<xmin>33</xmin>
			<ymin>38</ymin>
			<xmax>96</xmax>
			<ymax>95</ymax>
		</bndbox>
	</object>
</annotation>
