<annotation>
	<folder>grey cat - Bing images</folder>
	<filename>rd002099_1024x1024.jpeg</filename>
	<path>D:\dataset\grey cat - Bing images\rd002099_1024x1024.jpeg</path>
	<source>
		<database>Unknown</database>
	</source>
	<size>
		<width>220</width>
		<height>220</height>
		<depth>3</depth>
	</size>
	<segmented>0</segmented>
	<object>
		<name>cat</name>
		<pose>Unspecified</pose>
		<truncated>0</truncated>
		<difficult>0</difficult>
		<bndbox>
			<xmin>44</xmin>
			<ymin>40</ymin>
			<xmax>159</xmax>
			<ymax>141</ymax>
		</bndbox>
	</object>
</annotation>
