<annotation>
	<folder>white cat - Bing images</folder>
	<filename>Russian-White-cat-1030x772.jpg</filename>
	<path>D:\dataset\white cat - Bing images\Russian-White-cat-1030x772.jpg</path>
	<source>
		<database>Unknown</database>
	</source>
	<size>
		<width>220</width>
		<height>220</height>
		<depth>3</depth>
	</size>
	<segmented>0</segmented>
	<object>
		<name>cat</name>
		<pose>Unspecified</pose>
		<truncated>0</truncated>
		<difficult>0</difficult>
		<bndbox>
			<xmin>29</xmin>
			<ymin>22</ymin>
			<xmax>154</xmax>
			<ymax>197</ymax>
		</bndbox>
	</object>
</annotation>
