<annotation>
	<folder>cat head images - Bing images</folder>
	<filename>siamese_cat_cat_head_domestic_animal-639189.jpg</filename>
	<path>D:\dataset\cat head images - Bing images\siamese_cat_cat_head_domestic_animal-639189.jpg</path>
	<source>
		<database>Unknown</database>
	</source>
	<size>
		<width>220</width>
		<height>220</height>
		<depth>3</depth>
	</size>
	<segmented>0</segmented>
	<object>
		<name>cat</name>
		<pose>Unspecified</pose>
		<truncated>0</truncated>
		<difficult>0</difficult>
		<bndbox>
			<xmin>51</xmin>
			<ymin>35</ymin>
			<xmax>173</xmax>
			<ymax>182</ymax>
		</bndbox>
	</object>
</annotation>
