<annotation>
	<folder>grey cat - Bing images</folder>
	<filename>silver-grey-tabby-cat-michelle-wrighton.jpg</filename>
	<path>D:\dataset\grey cat - Bing images\silver-grey-tabby-cat-michelle-wrighton.jpg</path>
	<source>
		<database>Unknown</database>
	</source>
	<size>
		<width>220</width>
		<height>220</height>
		<depth>3</depth>
	</size>
	<segmented>0</segmented>
	<object>
		<name>cat</name>
		<pose>Unspecified</pose>
		<truncated>0</truncated>
		<difficult>0</difficult>
		<bndbox>
			<xmin>62</xmin>
			<ymin>54</ymin>
			<xmax>163</xmax>
			<ymax>180</ymax>
		</bndbox>
	</object>
</annotation>
