<annotation>
	<folder>white cat - Bing images</folder>
	<filename>simon-waiting-for-me-to-stop-working-2013.jpg</filename>
	<path>D:\dataset\white cat - Bing images\simon-waiting-for-me-to-stop-working-2013.jpg</path>
	<source>
		<database>Unknown</database>
	</source>
	<size>
		<width>220</width>
		<height>220</height>
		<depth>3</depth>
	</size>
	<segmented>0</segmented>
	<object>
		<name>cat</name>
		<pose>Unspecified</pose>
		<truncated>0</truncated>
		<difficult>0</difficult>
		<bndbox>
			<xmin>30</xmin>
			<ymin>17</ymin>
			<xmax>125</xmax>
			<ymax>95</ymax>
		</bndbox>
	</object>
</annotation>
