<annotation>
	<folder>grey cat - Bing images</folder>
	<filename>sleeping-grey-cat-close-up-muzzle-sleeping-cat-sleeping-grey-cat-close-up-cute-grey-cat-british-bree.jpg</filename>
	<path>D:\dataset\grey cat - Bing images\sleeping-grey-cat-close-up-muzzle-sleeping-cat-sleeping-grey-cat-close-up-cute-grey-cat-british-bree.jpg</path>
	<source>
		<database>Unknown</database>
	</source>
	<size>
		<width>220</width>
		<height>220</height>
		<depth>3</depth>
	</size>
	<segmented>0</segmented>
	<object>
		<name>cat</name>
		<pose>Unspecified</pose>
		<truncated>0</truncated>
		<difficult>0</difficult>
		<bndbox>
			<xmin>71</xmin>
			<ymin>36</ymin>
			<xmax>192</xmax>
			<ymax>178</ymax>
		</bndbox>
	</object>
</annotation>
