<annotation>
	<folder>grey cat - Bing images</folder>
	<filename>sphynx-grey-cat-breeds-b.jpg</filename>
	<path>D:\dataset\grey cat - Bing images\sphynx-grey-cat-breeds-b.jpg</path>
	<source>
		<database>Unknown</database>
	</source>
	<size>
		<width>220</width>
		<height>220</height>
		<depth>3</depth>
	</size>
	<segmented>0</segmented>
	<object>
		<name>cat</name>
		<pose>Unspecified</pose>
		<truncated>0</truncated>
		<difficult>0</difficult>
		<bndbox>
			<xmin>92</xmin>
			<ymin>51</ymin>
			<xmax>137</xmax>
			<ymax>94</ymax>
		</bndbox>
	</object>
</annotation>
