<annotation>
	<folder>cat head images - Bing images</folder>
	<filename>tabbycat-head-6-3-14012-edit.jpg</filename>
	<path>D:\dataset\cat head images - Bing images\tabbycat-head-6-3-14012-edit.jpg</path>
	<source>
		<database>Unknown</database>
	</source>
	<size>
		<width>220</width>
		<height>220</height>
		<depth>3</depth>
	</size>
	<segmented>0</segmented>
	<object>
		<name>cat</name>
		<pose>Unspecified</pose>
		<truncated>0</truncated>
		<difficult>0</difficult>
		<bndbox>
			<xmin>20</xmin>
			<ymin>44</ymin>
			<xmax>212</xmax>
			<ymax>208</ymax>
		</bndbox>
	</object>
</annotation>
