<annotation>
	<folder>grey cat - Bing images</folder>
	<filename>tabby-gray-cat-resting-in-a-blanket-picture-id492128744.jpg</filename>
	<path>D:\dataset\grey cat - Bing images\tabby-gray-cat-resting-in-a-blanket-picture-id492128744.jpg</path>
	<source>
		<database>Unknown</database>
	</source>
	<size>
		<width>220</width>
		<height>220</height>
		<depth>3</depth>
	</size>
	<segmented>0</segmented>
	<object>
		<name>cat</name>
		<pose>Unspecified</pose>
		<truncated>0</truncated>
		<difficult>0</difficult>
		<bndbox>
			<xmin>94</xmin>
			<ymin>33</ymin>
			<xmax>200</xmax>
			<ymax>188</ymax>
		</bndbox>
	</object>
</annotation>
