<annotation>
	<folder>cat images - Google Search</folder>
	<filename>Thinking of getting a cat....png</filename>
	<path>D:\dataset\cat images - Google Search\Thinking of getting a cat....png</path>
	<source>
		<database>Unknown</database>
	</source>
	<size>
		<width>220</width>
		<height>220</height>
		<depth>3</depth>
	</size>
	<segmented>0</segmented>
	<object>
		<name>bottle</name>
		<pose>Unspecified</pose>
		<truncated>0</truncated>
		<difficult>0</difficult>
		<bndbox>
			<xmin>41</xmin>
			<ymin>30</ymin>
			<xmax>159</xmax>
			<ymax>189</ymax>
		</bndbox>
	</object>
</annotation>
