<annotation>
	<folder>white cat - Bing images</folder>
	<filename>turkish-angora-white-cat-arletta-cwalina.jpg</filename>
	<path>D:\dataset\white cat - Bing images\turkish-angora-white-cat-arletta-cwalina.jpg</path>
	<source>
		<database>Unknown</database>
	</source>
	<size>
		<width>220</width>
		<height>220</height>
		<depth>3</depth>
	</size>
	<segmented>0</segmented>
	<object>
		<name>cat</name>
		<pose>Unspecified</pose>
		<truncated>0</truncated>
		<difficult>0</difficult>
		<bndbox>
			<xmin>67</xmin>
			<ymin>54</ymin>
			<xmax>169</xmax>
			<ymax>134</ymax>
		</bndbox>
	</object>
</annotation>
