<annotation>
	<folder>grey cat - Bing images</folder>
	<filename>WCkkeYxTC38KQqY4t4gy7WZg422TWUuIljQ8xO7vrWA.jpg</filename>
	<path>D:\dataset\grey cat - Bing images\WCkkeYxTC38KQqY4t4gy7WZg422TWUuIljQ8xO7vrWA.jpg</path>
	<source>
		<database>Unknown</database>
	</source>
	<size>
		<width>220</width>
		<height>220</height>
		<depth>3</depth>
	</size>
	<segmented>0</segmented>
	<object>
		<name>cat</name>
		<pose>Unspecified</pose>
		<truncated>0</truncated>
		<difficult>0</difficult>
		<bndbox>
			<xmin>148</xmin>
			<ymin>34</ymin>
			<xmax>209</xmax>
			<ymax>87</ymax>
		</bndbox>
	</object>
</annotation>
