<annotation>
	<folder>white cat - Bing images</folder>
	<filename>WhatDoUmeanMonday-catster.png</filename>
	<path>D:\dataset\white cat - Bing images\WhatDoUmeanMonday-catster.png</path>
	<source>
		<database>Unknown</database>
	</source>
	<size>
		<width>220</width>
		<height>220</height>
		<depth>3</depth>
	</size>
	<segmented>0</segmented>
	<object>
		<name>cat</name>
		<pose>Unspecified</pose>
		<truncated>0</truncated>
		<difficult>0</difficult>
		<bndbox>
			<xmin>75</xmin>
			<ymin>42</ymin>
			<xmax>188</xmax>
			<ymax>143</ymax>
		</bndbox>
	</object>
</annotation>
