<annotation>
	<folder>white cat - Bing images</folder>
	<filename>white-cat-black-spot-bright-christmas-interior-teddy-bear-background-light-82658557.jpg</filename>
	<path>D:\dataset\white cat - Bing images\white-cat-black-spot-bright-christmas-interior-teddy-bear-background-light-82658557.jpg</path>
	<source>
		<database>Unknown</database>
	</source>
	<size>
		<width>220</width>
		<height>220</height>
		<depth>3</depth>
	</size>
	<segmented>0</segmented>
	<object>
		<name>cat</name>
		<pose>Unspecified</pose>
		<truncated>0</truncated>
		<difficult>0</difficult>
		<bndbox>
			<xmin>70</xmin>
			<ymin>45</ymin>
			<xmax>156</xmax>
			<ymax>166</ymax>
		</bndbox>
	</object>
</annotation>
