<annotation>
	<folder>white cat - Bing images</folder>
	<filename>white-cat-sleeping-near-lace-curtains-49578483.jpg</filename>
	<path>D:\dataset\white cat - Bing images\white-cat-sleeping-near-lace-curtains-49578483.jpg</path>
	<source>
		<database>Unknown</database>
	</source>
	<size>
		<width>220</width>
		<height>220</height>
		<depth>3</depth>
	</size>
	<segmented>0</segmented>
	<object>
		<name>cat</name>
		<pose>Unspecified</pose>
		<truncated>0</truncated>
		<difficult>0</difficult>
		<bndbox>
			<xmin>86</xmin>
			<ymin>36</ymin>
			<xmax>183</xmax>
			<ymax>157</ymax>
		</bndbox>
	</object>
</annotation>
