<annotation>
	<folder>white cat - Bing images</folder>
	<filename>white-cat-with-different-color-eyes-turkish-angora-van-kitten-with-blue-green-eye-looking-up-adorabl.jpg</filename>
	<path>D:\dataset\white cat - Bing images\white-cat-with-different-color-eyes-turkish-angora-van-kitten-with-blue-green-eye-looking-up-adorabl.jpg</path>
	<source>
		<database>Unknown</database>
	</source>
	<size>
		<width>220</width>
		<height>220</height>
		<depth>3</depth>
	</size>
	<segmented>0</segmented>
	<object>
		<name>cat</name>
		<pose>Unspecified</pose>
		<truncated>0</truncated>
		<difficult>0</difficult>
		<bndbox>
			<xmin>36</xmin>
			<ymin>72</ymin>
			<xmax>163</xmax>
			<ymax>135</ymax>
		</bndbox>
	</object>
</annotation>
