<annotation>
	<folder>white cat - Bing images</folder>
	<filename>white-cat-4025572_1920-1024x683.jpg</filename>
	<path>D:\dataset\white cat - Bing images\white-cat-4025572_1920-1024x683.jpg</path>
	<source>
		<database>Unknown</database>
	</source>
	<size>
		<width>220</width>
		<height>220</height>
		<depth>3</depth>
	</size>
	<segmented>0</segmented>
	<object>
		<name>cat</name>
		<pose>Unspecified</pose>
		<truncated>0</truncated>
		<difficult>0</difficult>
		<bndbox>
			<xmin>22</xmin>
			<ymin>50</ymin>
			<xmax>93</xmax>
			<ymax>141</ymax>
		</bndbox>
	</object>
</annotation>
