<annotation>
	<folder>cat head images - Bing images</folder>
	<filename>white-cat-head-shot-21357015.jpg</filename>
	<path>D:\dataset\cat head images - Bing images\white-cat-head-shot-21357015.jpg</path>
	<source>
		<database>Unknown</database>
	</source>
	<size>
		<width>220</width>
		<height>220</height>
		<depth>3</depth>
	</size>
	<segmented>0</segmented>
	<object>
		<name>cat</name>
		<pose>Unspecified</pose>
		<truncated>0</truncated>
		<difficult>0</difficult>
		<bndbox>
			<xmin>23</xmin>
			<ymin>54</ymin>
			<xmax>180</xmax>
			<ymax>190</ymax>
		</bndbox>
	</object>
</annotation>
