<annotation>
	<folder>white cat - Bing images</folder>
	<filename>WrLzHa18H9oEaiPywK632_SPBaL4Yycr5ecjhhRGQr3_aCIF3JwNhumcJ2O2cta5GVM0d2t2Xkj_ZLxQVDQMGN4n-w4u9EPZRAPP.jpg</filename>
	<path>D:\dataset\white cat - Bing images\WrLzHa18H9oEaiPywK632_SPBaL4Yycr5ecjhhRGQr3_aCIF3JwNhumcJ2O2cta5GVM0d2t2Xkj_ZLxQVDQMGN4n-w4u9EPZRAPP.jpg</path>
	<source>
		<database>Unknown</database>
	</source>
	<size>
		<width>220</width>
		<height>220</height>
		<depth>3</depth>
	</size>
	<segmented>0</segmented>
	<object>
		<name>cat</name>
		<pose>Unspecified</pose>
		<truncated>0</truncated>
		<difficult>0</difficult>
		<bndbox>
			<xmin>20</xmin>
			<ymin>55</ymin>
			<xmax>113</xmax>
			<ymax>184</ymax>
		</bndbox>
	</object>
</annotation>
