<annotation>
	<folder>white cat - Bing images</folder>
	<filename>young-white-cat-snowball-part-one-4.JPG</filename>
	<path>D:\dataset\white cat - Bing images\young-white-cat-snowball-part-one-4.JPG</path>
	<source>
		<database>Unknown</database>
	</source>
	<size>
		<width>220</width>
		<height>220</height>
		<depth>3</depth>
	</size>
	<segmented>0</segmented>
	<object>
		<name>cat</name>
		<pose>Unspecified</pose>
		<truncated>0</truncated>
		<difficult>0</difficult>
		<bndbox>
			<xmin>51</xmin>
			<ymin>28</ymin>
			<xmax>105</xmax>
			<ymax>66</ymax>
		</bndbox>
	</object>
</annotation>
